water_pH,salinity,toxicity,alkalinity,conductivity,nutrition_values
7.751636164629315,0.14108410284684164,31.411324865577473,67.18375010092691,0.4603167993785824,normal
9.760611609022954,0.8990088872457246,108.70744772270496,65.20312904814593,0.9371137175853657,normal
9.710797792613851,1.483567440350121,108.57230079945347,17.701441876041958,0.7584882060794571,normal
12.061098115983043,0.2927600019380334,147.53322380379376,63.52843637378747,0.8824506553523782,normal
12.862503934251414,0.3355611417942884,85.16460787940225,48.95749446470147,0.8050644622179517,normal
9.882356803726324,3.296423474217427,147.28489388480082,21.88712656206561,0.8333352762483371,normal
12.470531149104456,3.4711380145681527,102.84211357638692,33.4908525991775,0.9279760697148538,normal
6.815554538852045,1.3616240694260995,72.55141168854203,33.47497641663584,0.8273782763409205,normal
9.410850118375134,2.9895281224300407,142.99183264178325,69.56610939346197,0.4470860735287241,normal
10.631847161792237,3.6116119849215065,79.80300676171088,29.626292456221368,0.46514498840950014,normal
8.979877845791568,2.425978617299547,31.573949565358326,43.195731878503985,0.6547676409343816,normal
10.526126491250388,1.7491949709370813,111.99146937202383,6.579083580072744,0.026548765013149067,normal
7.796053286849723,3.134832618516885,63.41192125084697,59.87464728770957,0.6075598815741318,normal
12.17418360078538,0.4408274784659394,129.10731045380123,23.206954722456743,0.41891305483631214,normal
11.331654232518556,0.7134477523025388,67.58191750269935,69.1571804280756,0.4891098765334324,normal
7.336155876177003,3.2512234142004686,39.10643397808942,33.27924828852242,0.9209543238889548,normal
7.110460650015576,0.8934506872568719,124.85190529022219,42.97495143940109,0.8066183736588488,normal
10.583659234488135,0.9435421931506577,14.288095093628186,2.001828948526084,0.2730332685484973,normal
7.687538438982466,1.232092233226062,21.12236999605745,50.3742427499975,0.14833286932043643,high
6.900866860058336,2.245892264861286,96.73148035624706,29.809695076491906,0.9927495517185023,normal
6.955168009858536,3.6384408278363596,11.964811467357032,53.67676353395298,0.45734613561973747,normal
11.304257806828575,0.32619719838462546,33.053203812578175,64.55070424100148,0.48826819313871683,normal
6.878036961691532,2.10546089025326,90.82704813897924,8.772492063576218,0.5376314212872122,high
8.295242696213773,2.711497270630749,124.75778173921772,35.352581487216916,0.5763663101037609,high
10.195090484977776,2.8810077211826366,39.37376368851072,33.186226352589735,0.5729668920244798,normal
11.37875244008746,2.6731133892545005,139.29977122493523,13.192674055348084,0.3586360799192603,normal
7.962041319732455,0.40486183799810005,78.44546062638328,46.11236658103423,0.030441731346399714,high
8.427532335346726,1.9062186047668015,131.27467161314996,59.643770572091185,0.16002238129480106,high
9.202876025818973,1.501567743457569,87.8465498227116,67.89302597412536,0.2121103967160075,normal
10.609761644898622,0.3467265399442579,56.412267356454095,63.73396968262069,0.460914273988437,normal
8.00357366419814,0.19799750338877653,82.12708090790126,66.78819602130784,0.12149020397260801,normal
11.74104225407761,3.087042239460422,78.89044736213256,68.59470590294801,0.5439304248418091,normal
11.45296685632262,3.6626108104197166,96.95863697522252,13.678551148761116,0.6461820284586471,normal
7.668452840010259,1.4605845099363095,16.722614967569125,69.5729964249781,0.5619840128662092,normal
9.975424380863299,2.277438820262038,38.98518360807772,7.133602020260329,0.5186562568752007,normal
12.12957134884828,3.766811931110238,123.24690764792827,33.105214339986354,0.801679721926333,normal
8.18792490026311,1.0764563292460445,144.06448431687113,44.95990928663553,0.40096468317676404,normal
9.77730937620117,2.516977942943334,83.12472616779249,60.9655449449703,0.31135110603368676,normal
8.483624315528425,3.4103664275428818,113.40433749547698,58.14916512497777,0.6511201100290308,normal
6.860360055053619,3.0433011368431964,56.53917689217298,69.15188378635104,0.2990816419470882,normal
6.719643412257512,2.050262734884278,52.01778742235753,57.98037811583169,0.28642684362008974,high
9.395984559755107,1.2944515642777472,11.601855170779263,48.08062575748135,0.29492475906599,normal
12.95713975708686,0.6422641188484202,92.17408934177281,62.446522778048895,0.5870203013139538,normal
12.482541707753729,2.3924049212473877,127.22249204018438,52.791528065147446,0.28957420095874764,normal
13.399535269512835,1.7373802285514768,79.8362112671419,7.324288418599166,0.1528734088399043,normal
6.723335726507022,3.343304459967705,129.18248411895073,46.99589670331775,0.45316920216494705,normal
8.134267177651038,0.22580127821863905,87.676478725965,2.595673858038322,0.9881809065729902,normal
8.133287457555335,2.2998013710215157,58.04868246910153,24.175489895261002,0.5899121482615757,high
13.859326803616636,2.8990383418315404,66.0844080557597,38.29431977673527,0.1686817986193202,normal
8.98503017386017,3.026144422224649,10.985361224095671,50.6609946891797,0.4095169024492956,normal
8.119621252706835,0.5976578518623649,20.74664339314893,38.685763305249665,0.6238296095958564,high
9.449261461862529,3.373801445146191,80.24341305604717,8.08473049414762,0.23571620937307125,normal
10.363099272633942,2.151922263837333,49.78175320921722,3.9080804335164334,0.43066537971369834,normal
9.386748018422058,3.003911224646225,80.70429189032157,21.422302894784124,0.7712381945262853,normal
12.713271630245146,2.356569258144488,120.33396510887904,67.11404402985153,0.8843006775034967,normal
13.618545258182076,2.3967260294617705,133.83388504876694,20.2262306652206,0.9001249375309911,normal
9.593623422187541,2.9092173684535827,133.15823394957863,35.8441275428192,0.6567702417087887,normal
6.8471409693419005,2.744203001487075,112.20400686153812,25.797915561321236,0.9898924295275405,normal
10.73229385309349,1.4225988054076897,148.18576944142737,53.773503304230466,0.5678676194567994,normal
7.623684405991522,1.7754706505819928,79.54939047310656,8.925736639043816,0.42744056104683004,high
11.630429668470672,1.8506302038898137,10.84815235273792,16.140820787455954,0.962070810735152,normal
12.00959181978929,1.3752396376283436,103.96984586416528,21.7740251849857,0.6655112944417315,normal
10.024189752463585,3.0312571180740977,148.22161310371854,3.4218940576859005,0.4096611724359349,normal
12.571270467965073,1.1434147957235337,115.73893358947844,10.927858212516496,0.03355827098418562,normal
9.69209766123685,3.3778265879974767,135.38388956463578,40.499088954441255,0.04116925827351137,normal
8.968523405379447,1.829473348734162,112.21699945970688,27.891964397456682,0.9044770865772191,normal
9.573914784541167,2.9936829877801054,48.951574037883425,8.973939919573473,0.04382589257257141,normal
10.253183082201362,3.8875462063010633,86.14650829274846,11.510385636301875,0.5390080251020466,normal
11.639382020194574,3.0353643296491564,116.99562141334293,0.42010585663243005,0.7129774206118873,normal
7.559017352356229,3.9791664279949392,141.9241621451279,6.591867531526865,0.5746391477131141,normal
11.408259085172794,1.9645332680872365,11.793958943553992,1.6241954607201925,0.46166932968497976,normal
6.689516912910712,2.2839460083436705,119.9373219256719,28.52757700737767,0.38882078363197503,high
10.464476079763452,1.6777900132142471,145.50632793469453,19.18941175128075,0.5871440368357866,normal
11.85505698807691,1.7692884090169314,132.09248624248306,17.099949063060023,0.47001782415904714,normal
9.392232138542255,2.212111122965442,25.534858169308652,2.8370153226589103,0.8398499567052846,normal
8.434999557586321,1.018013645216229,15.239886831373859,36.82676520730035,0.28114738285021224,high
12.679485769463346,1.859231017927818,15.891189289010587,60.40999757759098,0.7768466142042643,normal
8.832821179016808,1.262970865560441,51.44128661725944,64.63825271945962,0.34876727874456737,normal
10.762934823998947,3.7641543053908197,98.24562855434529,42.05982737939241,0.8286082912731412,normal
7.915353805729852,1.2157508778142285,15.479569727530473,10.915425460262412,0.10324540158001339,high
13.403884136574968,3.2866369249483833,65.67080070526339,11.66028440836848,0.9505956857521731,normal
13.227574269485736,2.9788559185310457,131.54658309068535,18.924902262829907,0.0749870536078786,normal
13.26491595041696,3.750363994304536,15.58179360279894,62.90242207689609,0.7695387592662261,normal
9.768898004182743,2.2041873099259477,21.919023864090587,52.61698107544002,0.41571911163606867,normal
11.94866502478842,1.3502337730486071,94.48563197814717,18.69399758730455,0.6936409793203334,normal
12.769106805123712,2.841192756250981,49.20131003469442,51.1816151132257,0.48932590338735027,normal
7.648419904568861,1.929907838427517,126.49540036730693,54.741909675185305,0.8935642235051345,normal
11.500577097820267,2.793858972597279,99.60034418409491,25.387739773723215,0.08777510213862483,normal
7.04981838965587,1.8709279380341042,51.158504218611625,58.78444010162814,0.5751508906469952,high
13.507515407578625,1.6879356073084568,75.226873513558,17.706673224581202,0.32082395746041137,normal
8.17482341497034,0.8750941448216191,73.34061284060684,7.198888555745252,0.2659959688251342,high
8.873020239768941,2.812548953950926,16.502722131974995,11.16025749044368,0.44843415172716483,normal
13.138734389424275,1.4603838694579323,117.8043754298502,20.503964545389948,0.4409420059529614,normal
12.777556220712647,3.0815400776306596,96.01766936058027,57.167171976136196,0.6262591560689501,normal
10.373499973998745,3.5981581122923143,79.07329520170204,43.21833974680195,0.09874666080634209,normal
6.506460364031698,2.5524963921652812,17.971821731525395,69.4208250984883,0.9945002496414819,normal
10.856745148597163,2.8971051654556996,147.42821425780875,10.812969830181846,0.5405660451774119,normal
13.967302116023514,1.8446380122227022,70.68703598115485,1.8813496978321742,0.9984108843709584,normal
12.740199593403997,1.777983821286798,39.72019584874738,51.834174735028625,0.8296079861565256,normal
12.884707284937951,1.2556354925717048,133.85964370812587,11.901360137239058,0.42324592224873525,normal
11.710791247319165,1.9192053639408166,93.81623374285537,25.20633988010788,0.7559266189665638,normal
10.505084294538195,3.95152033825712,111.20096705419662,20.82647046322417,0.8416496050330962,normal
10.830894585769599,0.8366834285261241,101.54011303078515,55.79268762723627,0.06891877240469457,normal
8.797375589329942,2.6715034475060655,37.77760046686939,23.31134287696096,0.11280464588018646,normal
10.37317120993163,1.2991891258268327,32.132945736752674,58.720839183247435,0.8256314258866989,normal
13.713406945110973,3.193799679992909,96.86881007501673,10.976931813323583,0.06942769756082101,normal
10.405918196629688,3.664348268873641,40.6525126096692,48.02441847680373,0.2774956636160474,normal
13.107624175332932,1.1166948173567226,40.58043512997521,4.1122544939902275,0.1791898928636002,normal
7.473393831886523,3.3989848996643577,95.02340351293199,24.689672693515256,0.8758077012356913,normal
10.843608837936186,2.851007012440475,57.62889729094609,65.27296747876363,0.24440734203104653,normal
12.789805389056188,3.861753634624801,70.19478681895711,43.03476778445084,0.7783911258981042,normal
10.52579744954642,0.6988722934435148,40.39639547693451,54.875841590176236,0.15895999059756127,normal
11.68675427802987,1.5537987531184978,47.97900540463256,2.2911037234949183,0.04302399773262189,normal
10.824339215334135,0.2064066104306872,90.98031549273526,64.95957270131088,0.8347916956805354,normal
7.189792303295717,2.335025967652586,149.27693454892204,12.436193163700063,0.8222341088991153,normal
10.454862858805903,3.0924487325412486,108.98354264690603,9.4298464171076,0.6993241511208043,normal
11.988857394020346,1.6400439433235725,148.80141633228757,1.4640161260987283,0.622320231774378,normal
10.204397874176188,2.2649215083066507,30.697869890090985,65.15045984174822,0.6793687647725593,normal
7.024008908404327,2.04899310306544,46.43980030952433,8.834153468089246,0.4982677268736124,high
12.448854891257866,0.5639182623686795,45.92246570142746,60.19034305023014,0.5036893082064904,normal
7.179184877970444,3.6810718253686225,15.703796530481206,64.13265114010444,0.4223762153481796,normal
12.13623544927509,2.16643847081592,45.38657778517967,53.691679169740745,0.3109359003177695,normal
13.30429675953932,1.8492252586227877,140.504053821586,48.908045065177745,0.31539400430341236,normal
6.899227439745318,2.056297640054468,38.956092736718105,4.866880886112003,0.6680525361568069,high
13.503989129783783,3.59439283777385,27.823391404625745,14.07990514830651,0.6778222056007585,normal
8.095071994031912,0.17236404874394573,17.227320943202802,37.25205998997047,0.43295201616290135,high
10.664538393314963,2.879118558620139,84.53583683995109,69.98478947543204,0.6068550814849664,normal
11.648122417471074,0.6072226884230429,71.67903576616395,46.99872448290263,0.004508702130251563,normal
11.961027558567316,1.1601365251855469,40.50482928571005,36.867257376057054,0.30239010465079674,normal
13.754303524634564,3.244231686513536,103.99419255651146,22.30468260965717,0.2832804362512187,normal
12.023806711250167,2.071526535339493,74.58599264767963,62.68735127777183,0.7992751126096684,normal
12.744219247113255,1.3137584197795633,112.87647151152625,0.027469589920203763,0.8633572034375415,normal
9.583866464534358,1.056330176613216,89.88086890082795,22.38420709585955,0.2151490995968609,normal
11.86759720690365,2.2741103412008883,106.37013715964518,41.22150688899165,0.6496062134670547,normal
9.462829812696985,3.6089644338193514,52.791453986755414,28.409593370920692,0.4282376149584398,normal
7.214780155232637,2.477663799208719,47.50695780008173,36.55402277528751,0.6528836611333233,high
11.138027106116326,2.384997119600701,14.72562203879564,62.29822857619994,0.8789358073644996,normal
13.8760665442427,3.0365864383188215,61.45715183421652,67.63405307457695,0.28876238066986004,normal
11.764751760885988,2.3584510711841298,41.155549919003676,49.47360626620636,0.23757835724805265,normal
8.32561922994447,2.182363610241088,125.85380390897298,45.10874653040461,0.8646431934343836,normal
11.2266827351127,2.136111243653322,136.00659173807287,58.84182915344483,0.7710283818154976,normal
10.146294933849411,1.09685648416552,118.25245908940485,66.06761927298808,0.589744380090301,normal
10.885687442502705,3.934218526225638,57.746237336833204,56.80022222938881,0.6595407087243794,normal
8.198172845594069,0.21591258192051943,18.757879737960337,51.68091087291758,0.5987007029846152,high
8.96111374308325,1.4011336530188154,135.85575890976475,51.628458910280855,0.2166235835016509,normal
6.792816022367319,0.5287201914141401,87.62741082908992,55.40383670683156,0.31327908379426606,high
6.505222954274728,3.147899236662449,114.52448439201586,65.30947916892141,0.9343203519567911,normal
7.106243061717204,2.8168883312620223,10.459597897537936,5.056482471319308,0.4808462193085471,high
12.805414381009523,1.560415710260652,114.11853041541136,65.52315297446717,0.9350929704951086,normal
7.495756614481138,0.5069379362908412,65.59681030185504,11.657883660841186,0.404300101808341,high
6.915279855061224,3.364842671111563,78.1458436230176,67.66396792577939,0.8280639933250149,normal
13.783538834704594,2.768293878777447,62.9341937245002,30.962068272008636,0.831399608257342,normal
10.409643035632957,0.27160963338116373,68.50772780311124,68.01984132057846,0.5572508021216375,normal
8.454836162942867,1.6783655030148397,74.61143975433943,22.338095714621126,0.5961180280580882,high
9.709228677612566,0.9780836405461574,107.44430417288451,34.26619906638813,0.9421319439262157,normal
13.380184910571323,2.3646467940677574,74.98597573077359,8.781816861637651,0.03342098085847933,normal
12.342748170623281,1.204586984325345,16.70916319335916,14.133770232875417,0.28197830778218913,normal
11.390586500160278,2.7882869925214493,32.82855184133173,1.904721369241359,0.3415877070447635,normal
9.004418192746455,0.1053392883237581,112.69351082846745,8.010656805504345,0.5484166701224044,normal
11.292071849934441,0.6854721861917353,46.313754922261666,13.954067096055528,0.8556051647125359,normal
12.017752819947397,1.3412700004937668,99.04561782970512,60.25171415347253,0.13269679213313867,normal
10.918349753442943,1.0675446315102937,79.26559687271934,60.35372537412096,0.30272605712226563,normal
12.802020013549143,3.6133375462623993,81.65067681337649,65.60521494782013,0.3448872442276377,normal
9.783114315979374,2.7906912673944935,19.197915906369175,0.3464806807866172,0.9488952193722996,normal
6.990293748063119,0.4355279349096487,65.38180273690658,12.422612513497361,0.3686511956863112,high
10.640091474722048,2.4028021595130133,143.8267699434984,1.5764308089061296,0.870508752324134,normal
13.250447539883753,3.0241665746612125,72.06759864328916,64.22653376134997,0.6815506564498724,normal
12.6884690391675,1.7503497868703364,22.135843995059155,11.293717881412643,0.8007387975682722,normal
6.870424715756778,2.7201795496749703,65.4185861821708,60.74424367970728,0.4639134321765269,normal
9.215663341944975,2.9006742974442816,112.82504806098802,66.79237784796183,0.4677672728482436,normal
8.998688871077382,3.434777571264809,31.668967280408648,0.8286926358615654,0.8627009917779478,normal
8.309236612254825,3.7411401603071264,69.41089306001933,22.872516143830357,0.9944513615149225,normal
8.817480929445015,1.3699006136580418,23.998452129556295,35.5172158656126,0.41181861440781264,normal
7.222600071826822,1.829905112605057,35.68632895345672,41.59889584394115,0.6940618973317967,high
6.543334589203723,1.872762665853318,61.41771881389903,56.81010747169618,0.6603172923008817,high
6.698340015335376,0.6616192648349652,125.80356135245754,19.83300506045736,0.4643932410187471,high
7.692707357571901,1.8540930450783453,139.54430586968135,60.68180160631571,0.4016560468183351,normal
7.781712246561825,3.3973574158959923,90.21353961698398,53.87346415123253,0.2502912569861323,normal
9.438637115655293,1.7485545168358383,12.255132470167649,33.013444112411044,0.837622445590431,normal
12.93925170383666,2.715775892923071,82.68731260413122,8.302831326843279,0.7577672564615243,normal
12.174321817602593,1.7069821933382987,114.86686030817098,63.53442750072854,0.30257077218398354,normal
8.519228148239684,1.3745883382954673,49.61838947183982,39.11527389469134,0.7967222552455443,normal
11.424575785561323,2.0808512876947893,138.57994466066626,3.17163775496339,0.6965621278926231,normal
9.82790330584724,2.8694182495486613,103.91954729298436,53.32952526153855,0.7817187001975069,normal
10.323137046899431,0.24884955272812098,51.93784818898123,46.65001805059132,0.3700333076765774,normal
9.985671618366524,3.3299031486260846,89.82532967371604,68.24974251550071,0.7081858465416291,normal
9.505376710106718,1.0783193639673427,103.47120430944062,15.829182354869852,0.962843660548761,normal
12.80925356120471,3.214197669688074,89.45646979554354,21.45091155006032,0.779625405760812,normal
9.922241436808404,1.2010342515756045,61.50165830785254,63.05946631989856,0.8481280482833161,normal
9.638718993532905,0.19320825900705732,111.24599893563347,46.46007442488093,0.2538975884935202,normal
13.940055018451725,0.6735261738131558,76.52840393413109,0.6596047737510857,0.8412666815022065,normal
7.114085234786456,3.611306894994021,64.59955869235895,49.00632680273979,0.7400638168687803,normal
9.239181782650192,2.4675965990775532,63.55491848769026,22.29824407083692,0.8511456983205697,normal
7.7550275018626635,1.0701733940134326,138.7831507088594,57.8210319023412,0.6324857930849013,high
7.422468197067569,2.821920907602939,131.64814275806413,42.241658828949326,0.6999177156235359,high
12.123978706302891,3.518850633998345,10.597640871804444,25.245627352685457,0.6095588430000448,normal
11.66112213904034,3.6175170189429613,75.24140881317754,9.180884460484194,0.9145347034725504,normal
10.52082079224331,1.8674965661463476,117.95967626960415,35.48110995200684,0.32082347437444714,normal
9.719810323744092,3.7393434059810566,118.24534367768679,14.247959728117541,0.9715168613894924,normal
12.457745206951376,2.6416807426344335,148.30027392151612,20.64431515439191,0.7293896976803195,normal
7.037774358716261,1.8393384236467634,83.29016921676325,33.70782626352828,0.7602261923185573,normal
12.61005180591213,3.5808051423951155,143.08229262841584,41.6176272765315,0.9093591550066406,normal
9.538851310811092,0.12571208634559364,47.3414631137298,14.186058468057203,0.2768972170892946,normal
9.308529835536778,2.031575289442665,67.77113725320979,38.95089200382913,0.549486153912612,normal
6.733136362295897,0.7555434612028139,66.55956708329234,51.69433150157074,0.5886883161408939,high
7.671072870501652,2.836360514379936,82.63403106533222,23.483988752667997,0.0951132050646798,high
10.295798732615156,1.0706768213302258,24.222193537541152,55.27708690745036,0.856877345660804,normal
9.750130510722814,0.3020311754178625,47.68506262434185,47.295548589086835,0.27482015747025346,normal
10.631621145175128,1.3357321799380473,33.43221770214046,64.6122189685631,0.30869242248681106,normal
13.721620959201369,2.00669515227014,74.92898857299427,50.09963991200628,0.10707837747044313,normal
8.215403710717727,0.3373603537312276,17.480097727307644,0.25611891448525714,0.6411656672797611,high
12.096161245611766,2.731941805416409,123.29633955254914,42.07958163270812,0.12153714109294378,normal
8.17069957396135,2.1608497919904885,13.647089381727485,43.61669205918749,0.9143358309358841,normal
13.83327700123035,3.4319854517937007,140.3944490940394,56.74346173843191,0.5937691756674083,normal
7.464928433226724,0.692193684013847,25.5218990733321,15.35843374273686,0.9239968411118957,normal
8.602762732121244,2.0339832167476004,102.04897100134407,0.24978540264712135,0.951665881463623,normal
13.980486079484818,0.7514277279058768,94.03554526514495,68.31845060721386,0.23662933639294959,normal
12.931756129613941,1.806767006520571,70.74868438139418,40.969895476354296,0.8130854889220451,normal
8.45184144571732,1.4201341678836512,38.7089327386794,6.745346584965799,0.957521367915998,normal
12.527202283669997,2.4921365375017452,55.8412054751955,32.61125945962237,0.5790680974442695,normal
8.672361765026128,2.918670577368813,35.5664161162142,31.06385966934119,0.4457169491398898,normal
11.61550202440089,2.411371245725808,130.7940418431773,62.00958248031326,0.9340611316822861,normal
7.519672306139592,2.7545141128380672,72.63962818700455,13.770994028603852,0.6390318228333296,high
11.98177646323795,3.515549205496987,32.877511548337004,51.78120625902377,0.5473605589545679,normal
10.0352755171075,1.7817603527769708,106.64322595991254,31.37085066467724,0.0975488870985598,normal
12.741338175436862,0.21971514906709,145.5071322626803,24.777149065397662,0.858439522763516,normal
11.387420310091969,1.3197789072433443,84.48497810643869,20.83781209366748,0.4897838657731909,normal
10.483344823438578,2.8693856587478233,48.170961823809506,35.875942445983135,0.2904069096863535,normal
10.252169337792068,2.378579854523405,20.823227557237573,9.860410929678809,0.9544464506841992,normal
7.11929688941734,0.43976997473194146,83.4634011608453,15.629275999915812,0.1059082660391969,high
9.753274165823193,0.25241269179231085,144.8624742826604,32.3563152119104,0.09498734243524898,normal
7.6141424157355315,0.9326210759652209,21.642490673513397,67.57622061699985,0.9432031815053922,normal
8.672911072966063,0.7369108068336948,52.14518097862263,49.56611183066685,0.41285011187318665,normal
6.56950333416973,3.6716031892971626,22.309578956166252,62.9684476318398,0.11161785671310143,normal
11.381645574067957,1.4747219014555966,48.62225730508449,15.95614236324005,0.8228430662777674,normal
8.696992156690296,1.4517139341897083,105.17382368936771,52.54869698273572,0.06046812253812006,normal
13.258109957938016,3.1665376345955614,43.739630206327526,50.74554866687774,0.11660066741388797,normal
10.269606889958979,3.0556578905425664,98.7824626168509,27.90659982266903,0.4824206210686831,normal
12.26711119199275,2.4374689381856514,78.3946048019706,20.785509970885318,0.36889045850976654,normal
9.888160619923177,2.1529742101905667,63.44942857832067,69.33913647768925,0.2819818211782462,normal
6.934217397167987,0.366522907146244,34.454511288324255,28.968595570568006,0.42085536097668685,high
6.802732524616309,0.9113297126133076,44.71054086257237,59.400216952166836,0.2346590151697081,high
7.0208698498905076,1.2928649937766477,129.28212506443208,65.02584805762358,0.5831587900989507,normal
7.5953577502740455,1.5461038602621122,17.231460308488938,25.773617788945792,0.36115180582973605,high
13.49877143739004,3.676097010527435,78.29720197737527,22.17747254257198,0.6300830761556712,normal
11.239413410068956,1.5668053403868138,64.64504159567413,43.4973941520403,0.8280008388357075,normal
9.019795661016722,0.1856594330660734,61.02299621662046,49.95017493998381,0.661561268045992,normal
8.124147100791305,3.1346627257692887,20.476920466690068,16.739514669095858,0.37634270136228254,normal
6.929928150533238,0.4406886828220815,43.39119826842327,19.07529996432817,0.21999534345752392,high
12.62883166029966,2.4968537426088817,41.82534022122702,10.092658096560154,0.7084375491303457,normal
13.072196013942534,3.360509457830045,117.28423365667352,39.850344313200644,0.36777175081115887,normal
6.8005407443098465,2.4020533549177547,147.25817746799657,52.025470028464554,0.22565546465142117,normal
8.5382814022351,3.286678723666755,143.16296783383018,40.22256153661534,0.31896877125232426,normal
6.600287878443445,3.444977613253751,123.00771667340435,69.85078445923757,0.5102858889237168,normal
9.121753371077947,3.655740359993798,103.96815302170819,10.098756529972194,0.29640524559775383,normal
9.030099360175434,1.204379686689649,139.6577307375488,15.504323949389146,0.8248788008177428,normal
10.250511478335397,3.5781138158479107,149.77587176870892,3.531146207304241,0.6459306899620538,normal
8.89599544669002,1.8793316819520276,54.60861028966113,26.53302788194746,0.4994830656982985,normal
12.433570212327513,1.1198227216036754,141.43666081592235,69.02471973105199,0.21802611445914188,normal
7.547816105519036,0.6602280155148,28.469142726690844,47.5217818803703,0.45368432941602543,high
10.888294753446292,0.7976060684788608,100.8509126239145,40.25454602577819,0.5701653343446434,normal
11.842515042511295,2.9927216842774196,28.892804408290992,30.015720351280905,0.3613414566904174,normal
8.157821616429047,0.9147183905541613,107.02986428724695,66.31640719899458,0.9066283379615121,normal
13.779011841988714,1.3518559094811797,113.95418525330494,28.623145227644006,0.1945605435095059,normal
12.428908527844056,0.453064511235752,58.41533038391152,12.415987789050666,0.5817831300800104,normal
11.189831027004729,2.885285954178268,116.32332641491296,4.213386556610113,0.22620354615468852,normal
13.319136122065657,0.3990905703357016,110.51782934106829,57.41817440380809,0.11090946703040772,normal
13.025248305360414,3.597053453845711,60.253331257505366,55.69139233974952,0.6396756778408877,normal
8.1337759858777,3.6289717361728364,19.371628084596693,50.35676856200113,0.39709620533036205,normal
8.576810114110959,2.9617423727505057,118.92693820223339,37.47933698682612,0.6790535866967388,normal
13.545859285484342,1.2379095924385926,68.92622403104306,31.33620758829805,0.48632138735684394,normal
6.820930235745563,0.15212263087125333,13.656318968365536,39.20202930129097,0.8241035038235548,normal
9.620846764553587,1.4788389220193385,111.42200203250594,20.250433359063422,0.002217660212121997,normal
13.111692931710653,1.1943813095966798,95.38921192295795,17.998711314060422,0.34954989749598564,normal
13.795923689841018,2.0970856193939564,69.88614453595092,19.58199144668582,0.8413672799029462,normal
7.299062081447709,2.956867730229201,104.58888897928142,7.6007267162308665,0.3614918782854548,high
6.527073324257537,1.7716495380517887,31.562381063748454,16.93257795021976,0.2422029254064455,high
8.235079132095436,1.9357166792165377,115.0106331574058,7.641273131705582,0.15125690948807136,high
11.23219253047103,0.43683563154182015,123.94570423156637,24.70764452365513,0.24641000715796813,normal
13.976456694897673,3.2463772456659346,90.24133531970563,44.13605746672387,0.3003755914342703,normal
7.509582867577647,1.2873221733341755,91.31656193572594,55.0983598302653,0.6798646035024414,high
7.110876613511659,2.1040427911894755,101.71024427749167,55.42309721217548,0.9054931145966937,normal
6.840250906078927,1.9266099851023661,17.745083256932713,4.5963864120348905,0.9544058276252051,normal
11.20843687578948,3.699697772656943,62.29378351361082,17.040704455986322,0.1839897621696368,normal
10.023347536945376,3.7863761917543846,41.3149000455886,6.68107068429191,0.6466680742475126,normal
7.286921382997535,1.047381697300952,127.13780680640065,37.56248222960144,0.9929466773433454,normal
7.592803169683306,2.066570518533589,53.32883118776367,47.80134416426306,0.8562568089472389,normal
8.649605750391874,2.78595698728742,28.829721484223835,40.21116273115858,0.28319041854534244,normal
6.79288544694463,3.20866187788422,146.73335273833285,67.24475092338186,0.03889508920070739,normal
11.671687951005321,1.991152186232227,31.827507992492507,41.2301958545453,0.7545882885493734,normal
8.09185820896958,0.48595296220138473,146.45254213266338,15.82378978925902,0.6994469840540082,normal
7.0762141371723954,0.4278646386286058,102.16576995627803,3.0755081710490972,0.7668322989233911,normal
7.172523195094639,2.618979333695311,82.75045000900137,4.132133661031414,0.3494202093363191,high
7.2516424618445345,1.0935636733041172,133.4269764573054,27.225684785516954,0.38526421194607696,high
6.676461224412224,2.536682155178567,132.78414968283596,13.49868502258474,0.30817176520621736,high
13.617851183789941,2.704043720804551,93.90956369080777,35.48379957881849,0.9917675379486958,normal
11.081753677322489,0.1579065342161596,64.50554797503578,13.951677766647704,0.07131400744843952,normal
10.207574719558083,2.5338073999960717,123.48292081989597,30.096394651213778,0.7317621261362569,normal
9.548982299837661,3.4550460051123904,79.2407482800538,23.25659496961653,0.9052522895714525,normal
9.65485940133064,2.864084130054086,148.19812081172074,50.459392443768074,0.8456769982574142,normal
13.822524165930187,2.9719477580899056,108.49310002811431,8.71283071019398,0.0031240042824590697,normal
7.176660355268137,3.3206690673211505,137.41646817222116,62.53977804586115,0.9304855243272261,normal
8.953110405176833,1.460749474319366,115.39922373275952,38.32447812773401,0.9729077687798268,normal
9.716837397729012,1.8161903052347237,27.8058904095434,26.126561442793367,0.4532962950934609,normal
11.308744579954135,3.9382600130083563,26.62845619480472,20.866807711642295,0.1608626472081156,normal
12.533133925690887,0.2860054872343153,19.955628172013597,24.18226798566294,0.8317540079006644,normal
9.886240186834884,2.351067678975746,88.15185934556477,42.09436328773251,0.005306333503355076,normal
6.99935422713823,2.5875667814126597,29.420817900727478,19.274670814654165,0.8589213275591439,normal
12.713630022510578,3.906161565690778,129.73663076491914,4.446330603406725,0.03543936870049691,normal
8.332592073968206,1.987701826911559,40.11941480399095,46.589780947944725,0.38044076582485065,high
7.480991972776662,1.278263308425784,12.752535088235867,29.540168764315034,0.3756749430506686,high
10.55347265034042,2.263085362964953,28.687378024090165,62.59767241014986,0.718500736396163,normal
8.821847922221732,3.6596342523749406,36.175042041778894,6.826565209325363,0.813696236817233,normal
12.234734705771265,3.743959122292019,143.63050058572654,9.595776241313082,0.3577722730382443,normal
6.677276427193582,0.9819936434460974,20.76957270759239,40.436269159982714,0.693446926524255,high
12.341019421706648,1.8791976755327469,127.70853589953373,68.78196924646666,0.0770076987949605,normal
11.682761663863243,0.12457084731499443,141.94400146669742,59.146331254407635,0.1387250439198322,normal
12.272655133348804,0.13312368212732942,105.03368490239455,13.649246279405721,0.7527353349567094,normal
13.391757306476393,0.5006378194292744,57.803536928817174,52.36213632117346,0.88617566253436,normal
12.044224071717043,1.551160898285052,107.89935598041656,46.24532430898391,0.46205213382134447,normal
8.342809289235781,2.3683952721748653,44.84828568843573,57.00558563871554,0.8555919430289678,normal
11.661885161485507,1.296627912635807,68.76416070736514,29.38245984737265,0.7380893828485251,normal
12.326372031372212,0.26207935599121956,60.55790462122518,56.158302800804094,0.9505874686955262,normal
6.790114700794986,2.92634405035225,21.42441562811735,53.02890227585863,0.5458651104808547,high
12.958146798492841,0.9780535117651042,85.49830209060464,10.388411300870853,0.22594850170969805,normal
9.181885519097973,2.1053550783361534,55.836001843689644,1.3259442283982081,0.9191198298245008,normal
7.908415007685283,2.586717240785901,63.00917078324167,7.3307048901728935,0.6264758235654466,high
12.948705907624667,2.2000645830165606,67.2371302767636,34.6154960402323,0.16908922952588468,normal
8.97408148966492,2.0582105780532483,139.6978310603941,40.49477198341863,0.3452097704176932,normal
12.933487585170585,1.5209628232663461,97.19850771416196,8.7654807614372,0.0025581341692156867,normal
6.735776753864992,3.02006175386522,144.4499759689688,42.345372270051534,0.46106630598123466,normal
13.396580035018047,1.8418951349249626,22.345069815574725,35.012783640906804,0.205375913172251,normal
12.879636751842138,2.633931034107688,127.62695841949709,34.41358203244684,0.13287232403340443,normal
10.234504215568979,2.719928311558418,106.24047715272845,38.196755723148975,0.5421359461118604,normal
12.973305930962606,3.681513613851106,87.37931942879297,55.96312017109583,0.6032741871978472,normal
10.52110208098516,3.23526432938802,56.71382836517726,1.957055232006698,0.01823683291389766,normal
8.889687226208933,1.044576861580289,132.0973895611279,20.198658989644247,0.8351785778659315,normal
8.456012750552453,3.872649845232961,55.39819460904929,51.052982094508565,0.8732758407059427,normal
11.261102703915217,0.10233065209368347,107.95704532860107,51.049300708572616,0.08547593903962636,normal
11.47213694624647,0.2716576981365022,29.862218452382564,22.30704894072945,0.42405217561996356,normal
10.406939475598513,2.9324360484852408,112.66163257975472,3.148622363635961,0.5871773779547815,normal
10.33143757097325,2.0672955464304335,23.411872220926075,59.016716857569946,0.007513802165866279,normal
10.28723318388299,0.41389363058304907,131.02258768906268,24.090098374964413,0.8481941636827516,normal
6.92407488160723,1.093208815584238,73.96678250495529,67.79268123449818,0.8478187743601086,normal
6.622957950874308,0.6483371511813657,74.16212279472589,17.364103112266317,0.6819310914937841,high
12.171321280239596,3.014383874995857,140.91255148010092,57.39442263458637,0.5326889429633468,normal
9.823235891490002,0.8428115068592879,133.97417242260133,53.27885545554834,0.27212442258675473,normal
12.856655063547816,0.7417521431653045,45.49977687491868,48.74653109069031,0.39668736009459116,normal
7.760043595098269,2.564190187273587,88.39684207013087,9.202630856210147,0.992414215681591,normal
11.719553954274984,0.2781205019253803,63.29180510171072,53.04449652613116,0.3478007134973393,normal
11.891565539376442,3.5350304072612326,103.9637575117743,55.021632573109606,0.8215065009149567,normal
7.42595859488653,0.49200976775078753,136.0994893300311,46.19606613194165,0.6342931607729965,high
6.651563171832446,2.635838374511277,47.91815789822137,23.819437924233622,0.7741129326464056,normal
13.759443620670313,3.152004977453792,74.5757146769624,52.60648290715776,0.5746910374748729,normal
7.781269990833804,0.97357772733228,102.64848703438938,27.080135247268316,0.22207142654923084,high
13.36809912898294,1.8904757111557324,20.168031395650694,47.37645645276268,0.08223392395382179,normal
13.621496619810118,3.804508794450565,100.6682157529728,15.179091068793895,0.9922656962363428,normal
8.746980384123155,0.4311907812899345,94.7234231089315,14.1573951248212,0.634901286462194,normal
6.810432984205001,0.372784716288754,136.35266348468878,40.07130900504908,0.8717542084264133,normal
10.442371635223852,1.8340839892569591,49.33096949241856,0.7575223441758361,0.5421363801627175,normal
13.441244683072318,2.1638127213435285,49.08727646559811,5.9376824644310915,0.7808956910891511,normal
11.285630136678712,0.7006401396245321,47.8152611629453,29.77675732382727,0.7855098010372127,normal
8.389446182809404,1.1086647582996318,67.23759771996467,50.485081417069175,0.010446477583397673,high
13.982780003938032,2.7987508660898834,100.70986672397673,7.509670508201726,0.6361787657771442,normal
8.873217531163963,2.7650878940114523,133.47715247299078,2.239189742328093,0.7395996992028587,normal
8.735009053522823,1.8654506549862542,45.21127552666917,60.728172845098356,0.10079238922794354,normal
6.557706084045496,0.8958145020860273,56.112026234465155,18.61448287239091,0.7800095543486608,normal
8.401719512061664,0.43083122862020695,33.72064946940509,8.455595064573542,0.1532967207667828,high
12.470848971012394,3.493326911058466,134.10210798452283,40.011584492126616,0.789737880330705,normal
12.10360191663696,1.8760815750240747,135.1364047996168,3.1593961218432276,0.8866276189652568,normal
10.755936989046889,1.2869061781212323,32.12070700569137,55.93605642430989,0.3214904586630041,normal
12.790631276741307,1.5095475319770801,49.44023451355137,22.49078849330045,0.2717649524167064,normal
8.450394094057195,3.094232585876335,140.78022364312088,23.204703230158003,0.7358819198119843,normal
9.020787582212694,2.4651627258447646,107.16925954152627,43.614247092120216,0.2509403213341501,normal
13.708616764704086,1.4051004496695807,41.766218234077755,55.73665413584596,0.9513451065741577,normal
10.887060980437834,2.5407451636767515,48.29917245557958,7.297986323361174,0.13912475438909833,normal
9.937512165297878,0.3443114582685769,83.3315697822961,44.43021317409672,0.06269044776316124,normal
9.205344445225847,0.33913451278082585,148.4347761371177,60.80125276555171,0.9637284460707508,normal
7.5618389979328455,3.5203977345889,105.027116443939,69.32700048858223,0.8746796247442532,normal
12.682731292494132,3.3410748104595616,58.695002163675454,55.942906286645425,0.9205963756677423,normal
11.981322372596633,1.9734869533318498,84.38375451362084,36.41102692902393,0.8856963635733318,normal
9.040549715765076,1.8643510265845842,64.59349405158017,11.192207174564473,0.910308351491123,normal
9.039283741435423,1.2652832199031776,52.794126110671975,68.6742670945558,0.08276951041935532,normal
6.54606322207519,2.115857705449679,57.60047692193492,16.507423568244157,0.1536236808214635,high
11.349485068774321,1.5895727363885928,115.36021840159506,7.4014956587557155,0.8047907737845664,normal
9.942750765211342,0.10431140653529,48.07185600781539,17.98874343286161,0.2254950459674624,normal
13.422463573642318,3.0935423184288204,73.21723153595505,68.52487781576104,0.9312459924227422,normal
11.329740777585384,0.9893696460575221,123.62791137780705,27.927835733987084,0.010564812180931082,normal
9.153502900574837,1.7834143671409801,27.524919644564964,41.043201647445436,0.7620505375154764,normal
10.010275624114007,3.212945715153034,22.24825249610447,53.557463055627636,0.8749406264823,normal
7.217349630906377,0.7475753220358089,147.95748910631153,55.15972120188898,0.2469362724060511,normal
7.717225492888792,0.6251499940881151,86.03182634418104,13.736421547885577,0.6065477032985747,high
9.616297573337643,3.5928410414299536,57.97651504457578,30.542640233761254,0.5167316623762952,normal
9.801693709024079,1.4658685819629165,94.23990552407535,53.6969833194241,0.06302111435576707,normal
11.033572049239869,2.6049342299256386,127.79345886658811,27.774133614472426,0.5391710178879222,normal
7.486587241580574,1.2257371729556488,37.792585422608965,10.847294569857311,0.7742401520441528,normal
11.667995910968854,1.2046433650947397,40.67812057792074,26.633470808037256,0.14432739279808027,normal
13.601411485199215,3.921269404500266,16.04971377998782,14.563233724330217,0.2864862637719252,normal
8.204831151160445,2.853640911198401,47.22583131088771,6.77935810616912,0.1559747751192484,high
10.731475395938066,2.7099729759526476,130.42619372935133,49.693336026439,0.950140391831017,normal
9.004448887191083,3.27329137586837,137.57656713520873,34.56228999738502,0.4812450906692668,normal
9.228184249482547,3.0004822328724066,52.46960268802981,61.000937530691814,0.21835846197282094,normal
9.483508779728671,2.6365139491546183,136.31133961544919,15.875322162703734,0.5672945590239382,normal
7.7274832407032665,3.006042637417887,149.26953383421437,9.138601004099606,0.09108454330593707,normal
6.902204794075446,2.5890901348164386,46.055681075993085,51.15066255545983,0.8649333485750548,normal
9.270083341206258,0.989277420255396,27.833294902875842,30.731412485358312,0.37492359935536745,normal
7.441567217398612,3.3649349366704704,122.76052871283058,61.93143278650004,0.12437224621184595,normal
13.830631546749057,3.390024333041071,107.97074703701516,49.59364875022297,0.510221044142516,normal
8.081852048166587,3.3886246157032023,70.37134137651714,12.823299703077408,0.5698483847662097,normal
13.2352205130192,2.263801276530193,143.87064640357167,56.71842258685917,0.10225594957303819,normal
12.202310200234743,2.883248771540903,103.23684213677889,64.79327401255809,0.6935383890480271,normal
7.473092972389623,1.7554546596233673,135.58445221242516,26.154053436673347,0.04421580491867161,high
13.363680920053167,1.6113824359268576,26.731726379405067,32.306582717392864,0.8187589634322409,normal
13.244961168181945,2.3281081335067446,83.12858353874802,51.47100346126306,0.11987292345037481,normal
11.398275178232486,3.246787260175118,67.76219733476125,57.36193518782621,0.12948207167940484,normal
6.7004757045097385,3.312072045509448,69.38186147534061,16.319208213256786,0.7448174782918967,normal
11.83618246487237,0.436935488443959,64.90796382595448,38.465476506460334,0.6678707099695562,normal
8.557275865814965,3.9529569570718803,46.76837035506595,49.62312478052326,0.6940165702640183,normal
12.785924155259504,0.12213935979058395,15.342383554178694,2.9346146941252482,0.05930421443821543,normal
6.59242477207381,2.0691502135005493,144.90627594087988,38.14038907686522,0.7594433633966522,normal
10.869083857810107,1.8295594941885607,89.89934352922377,21.77142225917421,0.538600847545854,normal
11.740586769316746,1.8374937126697497,93.82133670570583,55.82389633536942,0.022846499622646732,normal
11.17162786092074,2.781847674974228,146.41415185511207,29.82850927425792,0.4542551024814595,normal
8.14834517449895,2.5508121629975813,103.26910460942283,25.3607681274794,0.04138002457648027,high
11.025958626435457,3.133236471209581,90.74783797909384,68.82541600489839,0.7922186706838827,normal
11.277932112475092,1.937781008117932,96.40195815324535,43.85307528569183,0.838335334990145,normal
11.087031527640905,3.1985362049451407,25.744731661085744,40.00944489852373,0.4997375664981649,normal
12.288902768915712,0.5094523090852294,38.05187691575691,13.36825909205396,0.5670894969709834,normal
9.971794164717355,0.11604828441293547,14.177293973354242,56.7365041177786,0.12011576361625154,normal
9.175774811488845,0.6875262368371061,145.6808127398481,53.900880538739116,0.762310338474729,normal
11.245131420939693,2.6138661374780208,35.34150599519477,56.45495152678616,0.020824747137610178,normal
10.131889684176056,0.3295668423602188,83.49317728257849,34.92436970007436,0.2294300088577439,normal
12.740059256855652,1.386720781829023,139.57699543522696,22.294516920383067,0.7078918789778614,normal
9.289326329144798,2.0521319028233176,104.50356493786772,52.110096601792144,0.3915146986956387,normal
6.602079647579325,1.0313410959913645,118.02044240059435,27.10802140645469,0.9622861209542751,normal
7.429094188491516,0.14565558927076622,49.28803507498746,26.637703619708077,0.7568829236793558,normal
11.85759329533408,2.3459626601672046,21.704399706631705,65.33554506528469,0.28144533118804405,normal
6.838144169306488,2.1204809571964858,60.128731485630226,5.396950336784993,0.8976530933515063,normal
10.455244044585353,2.2503615640559125,103.78073725282924,50.15654259256787,0.9964923269020031,normal
6.590809208255454,2.060129774616479,42.98759086689366,52.01158905606135,0.6705746457402371,high
6.5683110216793565,3.6054677764733216,37.175895036221874,23.307836974610737,0.2265180076880482,normal
11.953859335710774,1.7517575284892677,144.0700471008464,20.205688096720404,0.6488271904765701,normal
9.740844910678975,2.7263321005538024,18.78238135048126,19.284698552928486,0.42488639722539867,normal
8.431545785757432,3.580885863483716,122.54075640744753,4.795763392918843,0.5442786107547753,normal
7.485670190728409,1.588717085158629,85.9288947934162,65.69449406064376,0.21059088633968848,normal
13.850878749471972,1.3691031104440716,33.41545675286757,15.09632093416825,0.4940306655643989,normal
11.35843086341023,0.9757678302882069,50.842853498895366,49.35183920487358,0.38888874998469125,normal
7.345812956050906,0.19348722771326954,101.96984587988636,30.99462072055558,0.7967655823211224,normal
11.87490665276506,0.17066015208420068,128.84648667391025,38.98384145543544,0.7791722681135943,normal
7.229604308709847,1.791485841230125,111.36184430480148,6.923431160002554,0.273049788267291,high
9.865745585136333,0.8871901994046107,41.78499497957206,40.94089550970991,0.8202685275038325,normal
12.35309595164022,0.10471374414701765,67.58919096271862,30.352804610146677,0.6397714854013857,normal
11.120977625372984,3.8327185481615396,44.89032203615463,29.604098860911296,0.43476244589358104,normal
8.011062832144383,0.9982066964269659,63.09211520265051,29.177660146187076,0.27618149816776305,high
9.375761709823959,2.750905571083785,85.3637308219574,17.58697392753879,0.4298871856164891,normal
7.976894820473093,3.1761376801356564,57.31070121691169,50.496116205151665,0.8857584057896842,normal
10.110481703012416,3.958370645028437,60.60478716437254,48.14140007370563,0.11410122858478766,normal
12.755100729243185,3.481257041747061,102.77206470571615,42.35549755315253,0.36946855408331747,normal
9.104990014806834,2.1649677935289406,127.08609842561745,58.20057213578646,0.7592161056957095,normal
13.913533736562524,3.27081145724533,18.025477169072147,47.50114675530888,0.03433280690689766,normal
11.421555951695673,3.311502533443928,18.282822683128053,57.658258533955056,0.4213745975864377,normal
12.072219260021573,0.8495015436060985,70.47895010598465,26.52322181117542,0.36759130212194724,normal
9.388871240604486,2.9381366407908516,33.181455151326944,56.134370227656966,0.4707142698436373,normal
10.625971679412956,0.6693992002461187,67.13066237693623,36.93067206809516,0.4786702121081875,normal
11.350229992785824,3.4413418493528254,118.33045542876333,49.009865953174305,0.876665123136182,normal
7.541640177094369,1.7031104735380018,132.7180146571896,35.7420028440029,0.845329348953345,normal
13.408897778881494,0.9862170931459077,69.4165497887912,5.681506748459739,0.08716841146186916,normal
10.659862599368267,1.4437820470385399,101.03288697514114,12.640358571700714,0.5497587885870902,normal
13.081853048247961,1.5304588060829858,131.62059149813206,32.15992930170006,0.34825687802014726,normal
11.136708940234904,1.5827436713276362,98.7250274926598,45.398370610095554,0.6060397297285128,normal
9.673592581412642,2.6004025267975277,70.17173926262048,28.296635894615715,0.6127271060970214,normal
9.334854703256507,2.8646042695904783,102.47631713229379,64.82119670078794,0.5132106756422332,normal
6.517412386558325,3.0876243425098964,45.49775775913638,11.669839470733445,0.9451686310491657,normal
12.558854162533983,0.444100942628449,132.00170057671437,19.417902678982333,0.0991579667422462,normal
11.195799800853187,3.355253051366437,54.485284722403684,8.636918777615968,0.6863694643591017,normal
7.899017202726055,0.5638809283596291,39.755696893554855,5.717851629127079,0.946797803007359,normal
9.2198435225499,0.5328979870901182,68.29793927390011,0.10780116867837641,0.23344230840205693,normal
10.651073050935604,3.4888262942323496,144.34688399945793,52.953653307496786,0.8807014921606137,normal
7.677791066526652,3.07206642544377,18.59281120922416,66.78251636488636,0.3024593402963266,normal
8.815895331266493,3.9597030162697924,127.91616472336003,39.729043594925514,0.4903480734363901,normal
12.19102146266383,1.337934206950349,41.03405163831616,45.279420107936474,0.02772546149264965,normal
9.495822697946867,2.860469739397736,93.34601405408264,18.631735916530047,0.5768648899935488,normal
6.951003348511526,3.6847326706682715,122.49389831637494,56.82834987346394,0.4780924981315736,normal
7.629029530535989,0.714624124912818,55.069943794023835,64.8006815619552,0.3437533539017672,normal
8.505196519218359,3.1345365943619665,97.05567925238182,63.87271051762905,0.8510262655477578,normal
11.639998520006237,2.7196602460788415,99.01232111576623,66.13032762487555,0.8575525091919277,normal
11.249886747600677,3.9241053239160015,100.33381447510645,18.213560805942365,0.6174410827592832,normal
8.183876976222832,0.26875102594314715,55.912342210165534,61.15914238887161,0.18781740258061608,normal
7.792225436385053,0.22404509470408007,84.56047261179204,12.704519492480253,0.9696610480338065,normal
10.47273558291909,3.6252813416903042,129.0938960808134,63.21833908683832,0.752903581565658,normal
12.397239742552104,1.1910117923909989,53.40341236033535,45.45174357163852,0.8833132062182546,normal
10.298384104422228,3.9163161450174444,37.96207658064644,1.8101998989704193,0.07128667505076591,normal
12.797783868271438,3.936338550258908,58.16547982018854,8.496926641190068,0.8913753277087462,normal
12.163828137883856,2.5154660927672174,144.20127000243016,34.49367183485189,0.305010300356949,normal
9.55398986046173,3.1993708500187408,149.7687144540324,61.571855599285065,0.5520125448651932,normal
8.918580042425795,3.7844552748347673,32.80593197133797,41.817623730377406,0.18588260855296024,normal
12.502869779237841,1.7090842021535,82.54914487349461,55.321940537218715,0.5104116953560005,normal
6.529397555251808,1.7757917031701367,19.22171393581486,7.7107377735884475,0.18948231830164775,high
10.535505680944262,3.917435543067819,98.84438703791669,63.055294170538346,0.9149603848733063,normal
9.442793873376873,1.553839797679768,85.82835285462372,27.844575009322764,0.3909031017758565,normal
12.435126380582945,2.102755726302647,82.59872200212041,10.72507966842991,0.45320102192610745,normal
12.880695302247876,0.1984527712485582,74.95380706639966,69.53601248170426,0.2592892479355432,normal
7.87981874262063,2.7862407751840217,117.80024653984836,26.180821543407713,0.5384671597443877,high
9.812135531517878,0.15409211108098453,62.89391006710988,34.75908127664369,0.2816446000408367,normal
9.3400011567173,1.2085364269834473,120.88267930794719,28.184889890273567,0.06559213794379493,normal
9.594991493755346,0.12636383682050525,10.021941072242358,42.40186391737758,0.024999060199921375,normal
9.768794889243772,2.7946341778128536,133.25901534174517,21.645364996672132,0.9557321423262017,normal
13.806439067025046,1.7280548123300508,81.59354652414261,18.6426000406069,0.17054623019893378,normal
7.927492928318825,1.324578933005456,80.4398765995273,13.113711477401598,0.034171553784382636,high
10.885559648877255,2.524074643149682,42.08279895346309,43.02038102852785,0.8661826273212435,normal
6.964625999056105,1.7230958520088908,22.346339361011168,24.116714000783173,0.0019267801580471478,high
9.405446566953302,2.085613722255236,68.00308295221089,13.165557216289535,0.9874728865065074,normal
10.506313835733671,0.9058226135461986,126.9030083224085,45.743641452843086,0.5731483021532394,normal
7.936026608408833,1.7454507882869235,91.31767894381653,51.11807226306447,0.6648569217519354,high
7.869277922824242,1.6738413843785487,79.83210383577828,40.163640597757826,0.26115539013870004,high
12.20750545505802,1.4454041935045556,146.57300596461724,25.747773719684297,0.6830960470204869,normal
10.093637873799274,1.2343424371988725,59.26695979840924,64.74324667786719,0.448816441097483,normal
9.111744812087423,2.2819190838699606,112.20905666812764,3.7573781497545458,0.25243858304402,normal
10.929727186805358,3.7700586032493386,51.595659824784015,5.222714274652075,0.9268265292228463,normal
9.823083475759157,0.9958576146824888,76.80581095831671,59.35586610260702,0.5845363825397868,normal
11.189163382094165,1.1947940217625808,78.6072382931512,53.93365669964683,0.6838439887900502,normal
10.50066592851719,1.8362224216431426,103.86255275624316,15.85688531402466,0.28795160298619116,normal
8.177636085143167,1.8085768167744856,140.85051788695563,40.334818498349115,0.26814990647706005,high
7.905182441357679,2.0744448302884932,52.30656829477867,15.749557154513937,0.8263090957765563,normal
7.655414660863423,0.9652040127378694,55.32982468561318,62.75456265735192,0.3874413663690426,normal
11.98489441135316,2.71825555301067,75.5723260702802,35.3663521618539,0.6811585920437516,normal
13.926269996664828,0.6382103200058912,89.48816107552203,35.76675048533797,0.2764585620492558,normal
7.645750933626077,2.578677485969349,34.04138262326534,58.798913289064146,0.3666291830755043,high
9.085560579300598,0.2104958818666987,35.05666990377105,8.832489449499304,0.45646127008016424,normal
11.764975952779569,2.2757977333750037,29.6202685111901,53.36760907423578,0.8985482943475329,normal
7.490573598747769,1.7160138851298563,14.26073586153592,51.42270454409057,0.1798670986530312,high
9.565158981999318,3.2780771430183533,59.717581084697485,43.88870843521497,0.974616500101172,normal
12.626720873393019,1.4867162616065395,103.63233189688604,48.81509009715406,0.32343757820393904,normal
9.070082631236737,1.9095537515125596,34.493791570610426,5.688677714840295,0.7539229126226175,normal
12.967616413125377,0.19441117439945044,106.70723417495485,2.8917022712301312,0.6215667895932081,normal
6.765995785236747,1.0633534674921759,41.32307035606302,49.66212357572374,0.9105285806500275,normal
12.6288223348257,0.7848074135671085,36.5421188167422,24.58354439959265,0.24105516834785956,normal
9.073611528131051,0.6796249083486028,66.93199675013008,55.481159000223656,0.05085234236652891,normal
6.573588001377581,2.712939251647906,30.000842935745766,23.615895964480607,0.6378378690808882,high
13.443274835868745,0.997239365632136,136.69773157945104,7.644317021220374,0.9261719383565689,normal
11.631534325915979,2.051633416909532,114.25551717155903,64.6459527064502,0.14493332492011346,normal
7.625417332353123,2.3837312975749962,89.92717705817113,19.308269835367128,0.586173194483658,high
8.143798573050251,2.103579795334806,116.27523983851636,65.13821842127959,0.4901352447342985,normal
12.294987950932502,0.1000720698393185,65.74766599754821,29.790808431054813,0.23501286236730956,normal
13.521645756900245,0.6482932394959133,103.24858776732493,58.167563664242614,0.6217101918222191,normal
13.371016324422861,1.3735545955971546,88.75096653480159,33.8263622917464,0.7489249713198766,normal
11.702977827530956,0.46003280990615947,143.3611412673709,18.846097452122276,0.9659760111880459,normal
8.16297155091727,1.0085293611018928,95.91581337554341,29.74199181618073,0.4259593567320241,high
7.902506404412453,3.7543857942815952,58.71390631030813,37.036226695868606,0.7194108344508389,normal
13.652561974253757,0.18045326991256136,120.41011331836549,45.991423305940685,0.23809631820239063,normal
13.135230067549937,1.4840855501232193,118.08162104926242,63.941500126513695,0.04027803707994937,normal
13.605440078465206,1.3273696530310768,17.808588305452822,12.246860550254835,0.826729977260809,normal
7.978638157484731,1.7382767861387245,50.096861990744856,61.71640642045313,0.5238300241153557,normal
13.488245516057654,3.6622083377258177,28.138236777519882,14.229590612737292,0.08288276576976117,normal
12.86329541258581,2.6446636793296783,31.203763528971148,38.21370108005742,0.37730735638630886,normal
12.256959762413683,2.7238737364343293,71.21239502012244,57.41812645404149,0.8282000640703521,normal
9.19279709160069,1.9789372919075332,90.66199437703906,9.039793113631818,0.3676430037990218,normal
8.354671552128952,2.173084434079601,28.792766371952784,52.14169857251173,0.10971610231460716,high
8.341056001949063,0.5192987872517456,23.244608532398985,31.974166637394116,0.63165630675519,high
9.136273050911731,0.13188003235353293,16.97022083521002,59.80256808107019,0.8631150889655574,normal
13.782576002448618,3.8445258353291636,36.877985332602556,32.179698721038946,0.1501284488516409,normal
8.800979027772183,0.3112896468429967,123.87397590183073,2.349426898728708,0.08299566575549888,normal
12.237261952451437,3.4479756982987033,113.69616977166643,45.550309952890316,0.41573811097569535,normal
8.62833985833318,0.4923271546977742,102.58179085160887,35.03463651760018,0.24979570012245067,normal
11.636331167022224,2.5336347535866053,77.64353639356638,48.54332878523019,0.9693385190115753,normal
11.88894926220631,0.19694147782185595,112.68925259310949,49.10785746512113,0.264239346118746,normal
11.13256428865034,3.8744687770168422,118.04230548489576,51.466615268423695,0.22637431937505936,normal
11.268779592143854,0.5292017717874802,24.100620112341513,8.538524181537008,0.5657506039971452,normal
7.988136547594691,0.26583905397679947,102.43001223808061,29.075763151671293,0.017285792873532713,high
11.60579494862602,3.5696677335525853,144.67353434371606,4.807646301011422,0.9034698210688346,normal
12.210314450033458,1.573105303259583,133.68442586460526,12.846973312062627,0.3206839696025311,normal
9.902949814451853,3.476890163564244,41.96518395317769,24.00549805324556,0.5715590646541325,normal
8.603837078780654,1.743839305533005,141.3778472461697,35.1546362786679,0.7263735803573357,normal
8.745378243326172,3.753593595494326,96.48238071650985,49.86576213679965,0.904101046330417,normal
13.159504769931274,3.1536556522923984,11.522372024716706,48.08735608488365,0.06686366611404593,normal
9.785627214884567,2.916363533324282,15.329889354962045,61.60137166865851,0.42880760036765475,normal
12.862573926935301,3.1621219781588756,37.083548055690144,23.037798823461895,0.5134226370453634,normal
7.5050196171971955,3.2038497707939957,48.122565303996694,9.216119219011208,0.870864785390153,normal
6.791357273225698,3.6668320475737413,126.2282291856056,41.059342122903054,0.06594194853243263,normal
13.962159076224037,1.4364586545354003,62.597358304218275,19.936593625566225,0.3280859323319931,normal
7.766261412737014,1.2525454673859955,129.18372809444122,20.315660183891463,0.709024979963216,normal
9.620916163144196,1.0256346360258555,75.87232843752317,49.296386012300644,0.25588749879695316,normal
7.274105997485853,3.9786778091879818,139.68146293087077,31.619242962419424,0.22549376021019396,normal
12.74501675759089,0.5534879788884105,71.71670345808926,58.906139788878484,0.8513335384926892,normal
6.600641123944189,1.8540892678707896,57.294531242870015,52.213723088374394,0.3320994698259604,high
12.731382333330142,2.5866095863489282,40.04498635043747,27.46955157419288,0.4571287202048808,normal
13.832574016718663,3.9613310648059845,101.02240105764082,9.865676844628734,0.8304542940567006,normal
7.656885835305124,3.9509593051670477,41.25359124932582,2.5914248815251204,0.8086042544216514,normal
12.041442137016203,1.0153885132655642,111.50393549875534,11.779176757982553,0.5343008580710185,normal
12.31709107258887,1.687021510561979,33.302793168763436,34.0927805788824,0.7706362090437209,normal
11.407009511679004,1.5987860435649575,92.20947956068686,36.1309267717466,0.5719311149041068,normal
13.672337112216491,1.313401189128391,40.06780499158744,0.5442086416597147,0.8679213725308702,normal
8.593326067121337,3.137004811125077,19.451461276163343,31.066673683719323,0.14849058702312112,normal
10.925559876289924,3.307303350105319,34.09049160593306,20.890274926366704,0.23734366483862224,normal
12.731171386557243,1.2931168415853616,146.9395393940833,27.547323113388945,0.13919502584799537,normal
12.953135182135709,3.9505215886106333,61.996172813971675,35.42292363156909,0.4741707446815714,normal
7.228497772279777,0.2925545682279554,85.41630365976594,19.55856930768715,0.5318146950806605,high
12.423444157088708,3.2114505231551993,116.68434273044797,59.9821409748452,0.4458443170743148,normal
6.869528102661255,1.2029457762266884,52.57080476934849,53.425908782606975,0.15323767418353595,high
8.697644506334015,2.144080167792837,20.391711546646036,52.7788268223658,0.2280576533654124,normal
13.804849064005818,3.2765999261873517,39.466513849222636,11.717541476580443,0.9763633780460789,normal
8.698686172405354,2.215299573887649,143.82030655314554,4.797534895734733,0.6869712047700374,normal
10.998588720228419,3.4341606554639967,14.83234513631444,62.82879011471593,0.7524945179344765,normal
8.712362131946417,3.666317202218605,111.70754642077497,11.218126687510752,0.7405386987945746,normal
8.247066728053262,3.213758308083091,84.71978652132927,12.8264253704154,0.5765763381577435,normal
10.862827477977955,3.769741556597909,127.29789435949608,21.343997471519128,0.41016704413671934,normal
12.222544848324828,0.20119184988609784,91.73915310202686,4.726027106127394,0.18689616487009408,normal
12.169562132540463,1.9972382147918508,143.66328467795003,25.983645436537916,0.19444993225776996,normal
10.728531443948828,0.27269869354450615,124.37096076123235,65.05127048255366,0.42189199318489035,normal
10.60116140396271,3.9214266332028274,129.3644221876857,65.65928840348329,0.08894147266950958,normal
9.582866671157104,2.990331802595299,52.64302509154525,34.6798444453217,0.7394502695324972,normal
9.53465847315578,2.7057393765261795,147.8353178676547,52.50988470732873,0.8187482789432422,normal
11.502840206727395,1.5889506514154617,74.31559139757422,49.41189467732573,0.9011137106314688,normal
13.52040758305817,2.5492296027965233,13.947372887239913,67.63935308478327,0.009595740090117544,normal
11.809288112057567,0.1750978617054909,92.57902488525575,29.01983654939109,0.7976594442161162,normal
6.992230310510733,0.14842806318224305,118.42838364037034,31.167481694058626,0.5699776163335861,high
11.650456152620354,3.8590403244388054,56.886530234975965,41.72935028938086,0.5191307932889764,normal
6.563940399438937,1.723168001424675,62.84537079864157,4.436348103015253,0.45149752060776593,high
11.654676032506021,2.8978839476200124,41.16794698105991,20.309288875465203,0.4122412955873268,normal
11.78904025668373,3.932277499530873,99.32936687044194,64.20274250612405,0.5812935084391934,normal
8.968620986076719,1.2688964443430613,10.114985061744425,17.515327928231763,0.37603078897772313,normal
11.813522876999858,2.2253666472862212,115.28257474910193,7.9901377713724155,0.9439303168474051,normal
13.57499498144378,0.6316612722191258,26.246416501424605,1.1346706196127276,0.8494666363058713,normal
13.931916929584062,2.762871529001079,100.97199364745336,66.23529629353804,0.7991349910718355,normal
8.49771951574857,0.8127316987409452,94.55487296842219,19.23705001897639,0.4249272475561272,high
7.801292516077828,3.408941976023469,80.09828993005684,4.648383805108792,0.2546065868294939,normal
10.465988798186615,1.0868665714362697,97.74007537762427,21.86458028090326,0.3651202467475988,normal
9.513453245858084,0.9269554845379108,103.40259789473845,45.71140875772415,0.02749044020825786,normal
11.901930906501494,3.5881666732110924,33.974773658237524,30.343480054571646,0.9838429947879711,normal
13.923492692017387,3.338552963774051,131.79453772933482,43.99729917988271,0.914026053542358,normal
8.47987275110543,1.4903466417497646,77.73772512245782,19.738593834837186,0.21559196031901007,high
7.629994837693869,2.7437454318096335,70.24329000093883,30.12528959669106,0.3684110459435648,high
12.085323248374491,3.1310413839568847,106.31891436863977,55.65198313428406,0.834472161167996,normal
11.560759119179016,3.663606761553695,98.79031025308376,23.198178292720407,0.052391030170522934,normal
8.902695614237057,3.6413204997881103,90.56460037673229,21.673905953536195,0.28532589904706607,normal
12.41729163782118,3.5477905973994748,72.43306780806094,17.31073826331725,0.4989889471564414,normal
8.735927480555432,2.8626216271216673,65.03420081545218,57.95592307660166,0.17380601176149035,normal
8.8076232023085,0.8987484747222686,136.02769743344234,67.32434070166165,0.013924366915730846,normal
6.739824560363636,1.377336720951774,33.995239691040155,51.39682187841005,0.9073255584825339,normal
10.885869382550482,3.0559906073248686,11.791496441280922,57.63305819709587,0.03586515913413346,normal
7.439658587821699,3.1329347584610967,134.80620101913345,17.507363583561464,0.20206138788198003,normal
10.231445937882626,2.1711322997501132,101.01755741748755,55.18286409127582,0.5602192709761152,normal
6.790050226422758,1.5514248840801657,39.885605642779424,9.061308737606927,0.2894069952877488,high
11.99914616557716,1.907797175823815,125.06957976490963,14.281990171306758,0.13699412170436298,normal
9.016081352588426,2.964831403365535,43.69412502934437,37.76834870274415,0.5896165059807025,normal
8.27083847885252,1.4287823900696903,79.80148352073472,12.137964448495882,0.7393325569593652,normal
7.967333398407769,1.5614901654996995,16.5497136810611,58.07696644323955,0.05659748434933731,high
8.149500994364352,3.0573190432936785,17.34906094315063,9.827872505925349,0.05766654590786291,normal
12.40854438838215,0.31972015164868567,145.81973300807317,68.42421882233099,0.3566085237611053,normal
9.741458429225158,1.8484027527413533,37.93987169548432,66.39494066087066,0.4610534613639521,normal
10.340699412129569,3.3921317761340264,68.47545291131632,53.66989867132793,0.39187451231697124,normal
7.596344851448839,0.22630735683781777,90.88756637544842,55.176463884362676,0.49801011495320924,high
9.230035052071884,2.1820461778195606,85.78794514139754,2.4386108575454157,0.6047511269602391,normal
7.637911964439977,1.1922088119627592,10.193715962478095,31.208265244605467,0.7374052830846476,normal
10.458923123591886,2.3927584341868373,57.5500468502749,66.8165711965712,0.361682808885434,normal
11.899674762198092,3.4366569292065474,96.87338933363054,4.80277648853191,0.4836259619073414,normal
7.273682320145392,2.7925047536823793,33.360098904661655,55.11883003781615,0.9468051614853084,normal
7.794940739395557,3.6661009568270377,114.18580502505755,17.147701400095293,0.7782416346833417,normal
13.889439910075755,2.4979485114006823,76.275656632047,35.57952104890885,0.678495993795515,normal
10.647583136750466,2.3200559351056746,121.24130105110234,13.322474551532583,0.7283374022137405,normal
7.383274289233137,1.977141215830514,69.83396394276792,47.66820643415858,0.357162355247578,high
13.421623853304695,0.12271625705204586,111.33847986143209,49.29139412644572,0.5393160597057579,normal
7.053513447272688,1.199335286131072,117.57046962530508,27.101328822783792,0.4538209200763078,high
12.04149326609662,2.8333340239068057,127.18311704176286,47.29579112983125,0.9780918287154327,normal
8.55890415294165,2.3015838046012096,98.78056636576619,21.148984258514027,0.9582304350286291,normal
10.473731887665087,3.8427611457351962,114.01866922631739,23.813656547691945,0.6324335389294513,normal
11.441804536890437,1.3818227187669039,72.84265894814217,43.71163339825231,0.2841812862454667,normal
11.78886560792975,3.059522560287815,149.83607200575153,20.042548833410052,0.49133160049184776,normal
10.476903155594758,2.0486251848671837,41.35065959999348,14.803839401545288,0.471608102199338,normal
9.31544525209381,0.9242480992786903,91.72219194921824,25.36092947537339,0.3114825915409749,normal
9.566548058636716,2.0840450112998696,82.52392660108512,38.61788879232756,0.3317562392142852,normal
10.594515121405713,0.1804130463303693,101.95695592389994,45.87984365143263,0.19227514617947472,normal
7.9156028476584925,2.7819407868165924,131.46433377265868,33.8616889325189,0.36085647544686705,high
7.700653694350004,3.6954163828664184,14.031916082833531,68.53586380986584,0.43920498286792997,normal
11.184798016367697,3.7739277615481788,141.44287775372416,58.754315526091226,0.9278670019019225,normal
6.875031785594542,1.0535954640731922,94.19461250600428,32.84080887399809,0.7856001098405302,normal
8.130132611560018,2.2193449826499902,133.55822221530778,18.424337109580872,0.36864852241844137,high
10.079749509821154,1.5412347063498126,148.54526174245956,22.251666537434705,0.8370475715450162,normal
11.899677467096524,2.8559958382639397,11.928529049406617,0.990105061415576,0.15631609182631856,normal
11.808368808405588,3.6496235464073625,104.92669530917172,62.87364690809514,0.10587422328012008,normal
13.469127968247676,1.9893614769809727,58.939341464933186,14.913875119696833,0.022159078850623515,normal
8.464526491058754,1.126379262591568,132.92110491852762,20.520784458432768,0.034198222597225825,high
12.414796902145627,1.295162441012489,55.97182950760404,15.112656135924388,0.2801020380464051,normal
12.976205703776838,2.198149821585963,49.92900685155278,54.53476744100642,0.34121316196969786,normal
7.401621654612908,3.3340753951311273,86.69733285703145,22.75998320562655,0.05626715879314359,normal
8.828978808491055,2.7124704387863456,101.92002381239568,32.053466779935476,0.45774286644190987,normal
8.215526469826989,1.8278941589793483,43.86976735798627,53.384475030406385,0.5954039741111452,high
10.258877367633595,1.1459776793514302,38.94536873035348,11.601530297285104,0.5875473328290319,normal
13.932291111292399,1.4296268548062483,76.47532823696537,31.996856667619337,0.6871098597114951,normal
7.684987063852074,0.4954426388044516,102.16718460023736,50.37085859173463,0.5809985765301608,high
11.131986326869479,1.63436839092712,75.1534040674207,54.64828332304078,0.029253895956788067,normal
7.2150427577320855,0.5547631260297146,127.23267993441605,63.99581704423855,0.937751786737555,normal
13.59901608696487,0.11663008360546033,14.785845380115987,37.73939106406997,0.9234573376738611,normal
11.751447131598159,1.4650377395442338,143.00381267000455,56.83508452392863,0.3838777333779376,normal
12.291219374917617,1.5547938626445605,96.77810811552506,3.117305119719779,0.6351402015674372,normal
7.573847525232747,0.8488255645236253,126.97373377144106,16.111697803100117,0.55092614621559,high
10.695942859308314,0.10833400276000738,110.52454503758858,42.93750264483046,0.8607854185366492,normal
13.91749158747097,2.933256370367133,49.28957332909743,53.85164148044149,0.7100092742935264,normal
12.645298468432173,2.879301708325086,33.48710014347273,12.859656276287955,0.5452732926689047,normal
8.450958847714212,1.4857597214314087,12.818091341207673,11.1114097750412,0.09322593285563341,high
12.397107599820375,3.630335284560994,93.3832343750546,51.5178463701071,0.8294903022527153,normal
11.425140418708553,0.6424458516370043,72.49256149325971,42.31414156734871,0.5960327761035212,normal
11.837071043633028,2.1152504302627495,73.73394520614367,47.203272049013506,0.19487326044515785,normal
13.374749899082083,3.7378281453835167,96.90060862099752,40.35578395974105,0.8150878956978532,normal
9.241015791364285,3.421317444566395,72.7088679423882,47.67628174538507,0.09120254421727969,normal
8.760270375713109,0.5434341603991859,59.76033951733505,16.978870309951795,0.8200844923654975,normal
8.670172232212309,3.3248617707053616,137.98516490138095,58.52856657000176,0.09413955594269208,normal
12.196914677147971,0.7530018343647756,92.61215287016242,31.370268045122604,0.28986115222766307,normal
11.660579279659785,2.6049335515108494,12.58565113439052,8.689797701202718,0.7890693976342259,normal
11.320769620291728,1.6471954655780268,43.56332018588952,53.492251693627516,0.8612143240322476,normal
10.332468194105294,3.8147131260210982,76.47452149565406,44.995010966590385,0.9622313299096373,normal
13.78488143149335,0.3301520400324811,49.31651735841489,23.28349316220138,0.006968347356854476,normal
9.03668676237676,0.4516882217115469,98.97530393793178,67.84838640856671,0.004639229029523295,normal
6.842085033674529,2.469992779140541,122.95829225000267,55.17916706840027,0.1215704598330728,high
12.334224238247828,0.4156990818412891,65.68875833703586,30.247929404489376,0.997552063479274,normal
9.151707627359325,0.3175330334474936,89.17179833813825,40.410524346801736,0.27384071075251715,normal
10.29009294545041,3.489557779198803,115.60951955732702,53.681292799165746,0.5245505563503642,normal
7.202861645537647,1.9465509518724553,114.46374143296094,21.341558683578423,0.8016565003895701,normal
13.23102541766756,3.313132963476606,28.186449094759073,63.67020636796921,0.690021672909722,normal
9.418700174533551,0.32129793899172965,78.09374099971197,64.40090637829056,0.9880111823097367,normal
9.303563119210349,1.2347999989723133,142.26804840837752,62.055378207241105,0.39590079679759027,normal
11.374711963867778,1.447237840793817,49.610064084803035,29.300817188970676,0.12395637804438953,normal
10.470836874957945,1.0358582729387305,54.26866472189186,9.406316865377603,0.9771937118896576,normal
8.569773848606593,0.7592255316413848,78.75097210744055,31.658119955849756,0.7768560472030628,normal
7.525995091151593,3.5549056690398193,103.85697046953143,33.79334229712786,0.2808680388881739,normal
12.243073767148328,1.0720625375974286,42.32150341956641,33.471940772143796,0.9989197898899747,normal
8.103372890710608,3.2477531910113075,116.10444147080894,21.373350934227304,0.346310650718035,normal
7.969910638307815,1.5638076377585497,127.56652687678697,68.57464863986239,0.5162451178696308,normal
6.8326840143052685,0.48150219012629014,100.59492855223556,31.556458120769165,0.8179009429598171,normal
10.237308974585353,2.9021708295866055,109.20365907620162,19.431476431668063,0.2391808289774524,normal
8.78320155067737,0.2743480761495399,23.71387532068487,32.74919785515072,0.30623294467416773,normal
12.567924499154635,2.607827320058039,37.20074677830935,25.09234004026416,0.8437153690386213,normal
13.662928568605624,0.9076897881509842,48.01091830251535,32.92354299194886,0.3051988563617698,normal
13.530489298996335,0.8066240987285459,42.08926450659582,59.69453731298732,0.2707189085366015,normal
9.530642470504905,0.42162753390511987,58.35623678291978,5.002935992692183,0.5285223178393834,normal
13.859560482043818,0.3521620422681452,136.63538243046008,17.64797100020709,0.35584296929126635,normal
12.626697686828571,3.715479718054314,44.68260839724604,52.756818645226446,0.827213896098918,normal
9.873595111113511,3.1953440551122863,70.14096119486139,53.92501406002666,0.07264600290974221,normal
8.249216164417057,2.371377000496634,75.92487627572498,61.98970575655646,0.16156790391372366,normal
9.319031330149613,1.5606401368141547,41.67801254950543,19.564966182490593,0.05774958043594669,normal
9.748414413928185,3.0412507765081904,147.3026325840769,63.85179430692798,0.24904906186580467,normal
8.448844689174408,1.5059162574997087,133.40515779610755,49.03517631785627,0.8975790141287686,normal
11.368896628533353,2.3190887802763243,91.7144689312566,52.268868180866185,0.875573192594699,normal
10.089824807162165,2.087210592877238,92.59613241085847,42.43608425629276,0.8807782266537342,normal
8.069626598491803,2.1309094608358223,14.648571414919303,67.83952197391747,0.4166806958379864,normal
12.759990820970367,0.7426223979850188,120.32573872619588,23.282487883664594,0.16750892344933999,normal
12.545840937896088,0.6769406375641036,77.23336045764782,8.867142698865964,0.7926356925635226,normal
8.901264195306378,1.3822800004905547,148.10131763102603,11.914404263489946,0.09018544736764045,normal
9.354304709930833,2.1740356530773925,25.055854473046274,38.587881170662314,0.4393886811983624,normal
7.938350008445866,3.603047647108161,149.46951912749964,1.5301097936915986,0.38339388383105044,normal
10.014857304800767,2.045415712794879,40.917080855064995,23.536850434727388,0.7618621576740772,normal
11.82125150481273,3.6503510106446213,112.69133484708819,37.154775699858,0.4497882006714341,normal
11.584088460730433,0.6142430538281899,108.40573301139419,17.82719403177282,0.03117066324950868,normal
9.221306398095313,1.0260876320956855,60.511188404237295,2.191026311434552,0.7631966229220883,normal
9.06947023128817,0.8539725468547162,66.43862521977618,60.24579626211527,0.08416402616965823,normal
10.025118771934636,2.6319949543474443,48.7094608712048,0.5632713412959234,0.6890374299334391,normal
8.76890958025611,2.6582555234419103,135.0210956492518,59.950619682910784,0.7838693500062529,normal
8.266297721606481,3.867765289079625,37.14260713988162,45.04917125669903,0.1983974623414293,normal
10.797462783083933,2.68086269443597,106.64524615669966,46.036528778150505,0.9463188554653112,normal
12.210331158754183,0.576989000813512,115.55043279076314,7.63675002207298,0.6139110758822649,normal
9.31103905386624,1.062757141638497,67.1769938871671,18.551154386210786,0.11073296876569305,normal
13.408597775882432,0.252742844180871,134.57399880127423,22.825522715596055,0.8942896188962081,normal
11.794192148388044,1.3051853330245966,36.20402790992131,44.06895978395748,0.23559710873879713,normal
7.96539042613806,0.7655699943847607,46.28792311588215,43.692782842056495,0.6726592040124285,high
11.168568675622984,0.32756826397942895,80.69311191309751,2.2475379373466744,0.13524894540309407,normal
12.977536590681805,0.5996439524478419,141.5227775838896,44.32884242072532,0.795558332455586,normal
11.462843950232667,2.3899179084588633,92.18711803303142,12.005159420627535,0.6954347976367241,normal
12.263580664486227,0.4612287324887686,84.12511195417117,39.48547568033679,0.9867253366060532,normal
9.804753764362129,3.967021413134775,95.3729777696613,51.75416279124112,0.0749018169600193,normal
10.774956278487233,2.198463445957275,119.62793113421739,60.94317393430013,0.8193104820526159,normal
11.64762534763047,3.321215964194312,72.52761159923585,20.978874072816655,0.06453275147918391,normal
13.016493175370044,3.000442718434394,80.5654492131047,12.597057276738461,0.7347517737170617,normal
13.07481380294662,0.3586109340320721,104.28529422411559,31.019037103219976,0.3295660348931182,normal
10.716541963200406,1.6598571676660072,129.07563297151347,20.112226411682126,0.9191962794620449,normal
13.332107867162502,0.5696326924623146,124.60542113358433,22.28588269845251,0.33035831825782536,normal
9.909874893242073,1.3296379742929143,107.59486797029463,42.16745087308059,0.9137760053582827,normal
9.662437129983264,2.3883593491374517,147.39736283369814,42.4392381719995,0.12805140441712515,normal
7.224016769789928,0.594495856405749,94.85608539772547,4.279988960836313,0.699717527209573,high
6.5574578450794645,2.4730294280437666,70.39911815324552,29.347262787590658,0.2958860690335319,high
7.342938549665198,2.9624865368218014,26.720444731699867,17.182245424539833,0.4472004184061116,high
7.555109532647578,3.2738800956810246,139.49609161012842,8.098350349254863,0.3561602005712491,normal
10.733880068044634,3.2419355114139266,18.02434199442317,52.70051967570878,0.7014318174097554,normal
12.791494771189024,0.2927902668697838,116.81670118896447,23.486594902577522,0.07427072589843986,normal
9.431305499699013,3.121101038170487,109.1492902839035,64.66789958011007,0.14838596409271643,normal
13.721189797252858,0.6003845642912915,146.84481194807356,44.75686252723426,0.9374496458249295,normal
13.878515967178442,2.8351274171162086,15.449248245936904,3.9359620443820442,0.07564851828013652,normal
12.007952221511387,3.446828888366639,40.178280483437234,36.10962535954041,0.9956190850911684,normal
7.640514755277097,0.18431285233126493,129.24825699799328,1.4912131391555727,0.858654563401933,normal
10.275579849261486,2.9483427858846363,41.78591979916118,5.953401569896099,0.6226982118395541,normal
13.608782166038734,3.8192744670405467,121.92741976640299,49.90362242660218,0.9993549040144011,normal
11.488583653575947,3.290631705345863,133.97070947127114,41.082731218778974,0.7273901229319996,normal
11.113636154250859,1.4308274031395793,51.98490181619679,14.66987433081977,0.511722891923371,normal
8.73531727331399,1.9018326373822796,90.83435873123845,30.636638269616174,0.036224449032135175,normal
8.488627409523314,1.0266093281890882,123.38046717765812,66.38598959443482,0.27998024250443454,normal
12.041623439082894,3.4739956285417914,146.50038108184862,45.99343091280288,0.584710170538896,normal
7.007150390591148,0.22849359352155285,75.52257420771728,69.1760850841264,0.8972642030895289,normal
7.7611932472237175,1.2162749776153958,88.69351170481131,28.082204642764534,0.506638119926557,high
9.474117690818801,0.9170331167856338,139.129736826555,49.266590491684454,0.8098579138882855,normal
10.25507313002688,3.6962928065536436,143.72564377577177,12.569245110035238,0.6965137745810945,normal
7.118622363226001,0.7142760518492148,127.3749816890053,14.422436872745624,0.1957259608148485,high
9.950975115384768,2.7556782146544703,142.12419021527387,18.34011145222447,0.16906049055814432,normal
8.361308823435145,2.2563468943807106,119.62259401940823,48.976590332458606,0.09924968810808155,high
12.511585328862957,3.121942109850864,35.33694231299397,44.27011983626302,0.29362933968843863,normal
8.444307971953489,3.0252269175985815,134.3382058773763,44.11811098065041,0.3825612934578142,normal
9.57982598514171,0.48785189085034153,64.46170172574361,30.35533440083156,0.8571829768148914,normal
9.868031726859599,1.5887787794077706,11.203645769309203,34.17125770148294,0.6041414449522282,normal
12.233287406642049,0.3710099209607671,42.890026959740815,17.527013916123952,0.9050391342917337,normal
7.445974995662561,0.7406904707286156,122.34323795065808,8.371367421155583,0.6707004307825214,high
7.452679785133177,1.3120436818510952,71.41790743270671,33.368220593544294,0.17194249136424877,high
10.561054147781181,2.827251336618014,45.165796000595684,66.26058253706093,0.38712819189445236,normal
8.563568684582036,1.4149303292699087,148.7230453439897,47.67717088414611,0.06891193846777366,normal
7.2513799972744,2.163106769502669,46.74798155031641,17.558804636111695,0.984343592868595,normal
12.613383592426423,2.6130131968434616,114.37932850489331,47.675793133361275,0.4638976541545339,normal
11.33149574181423,0.955037419214196,144.74671126525718,40.49952941799027,0.10841039638405692,normal
6.906658774648064,3.320818957788051,136.93756089251224,21.226536701917524,0.3867835820265937,normal
12.812572439969628,2.9347646742042643,149.59097310605353,42.92427926959547,0.11383803420074301,normal
10.436442657155752,3.175255330221508,103.45239303464618,27.164170990695673,0.9249394589091661,normal
7.539642882657221,0.4463465970920075,54.60517624761567,45.30275545054034,0.33428650727228926,high
10.826015484683662,2.5534975446774144,116.1619276690885,59.02410506709633,0.9522292922155996,normal
7.682228711417298,0.5754617983399266,50.086002138630874,12.604081038870644,0.6347151606521138,high
8.79116478737397,3.4140193145573234,87.89114390074339,41.38863253459152,0.676935697552914,normal
13.849717931557251,3.101072858560475,104.70466667100229,37.68412686637346,0.83484997761033,normal
12.872775564593745,2.5588741293701562,58.823334409321745,43.49769810549671,0.37856084020882597,normal
13.72910339608845,1.2591000028814832,112.84612056917229,67.21561605569512,0.9633066405774708,normal
12.063614404317004,0.130021011436093,117.67901498950249,69.33438527567505,0.5372390955927437,normal
8.346968259717249,0.9590795328575754,90.0017971418576,29.649519538420066,0.22329986337426444,high
9.717120159601809,0.582209765181144,140.5021421036766,17.01810393051549,0.601693405032591,normal
7.887139784280232,1.5573912131674652,102.28594243615849,51.69153482688244,0.11519035498733066,high
9.869721816759357,2.182147834484912,16.230893892612453,2.862650312691788,0.06797734559377733,normal
11.641782331060874,3.9303924977762748,149.29675300788736,42.71219380402451,0.8049686298087301,normal
9.356812688827095,0.9677533040847809,13.990733689044852,23.42126531993875,0.752456751068334,normal
10.189168694410192,2.6641334293090355,57.53408891751385,69.26849973091011,0.9092525896638897,normal
10.525711667642241,1.3883918075136557,98.74134338910974,8.788862311229606,0.02293995870275667,normal
11.331852491204133,0.45288177623494785,66.04938485858665,37.72550110188409,0.4942460516518923,normal
10.207499150127022,0.4768062371262948,49.105568838090676,58.37766112851985,0.5050633436604615,normal
10.633892594683928,1.5897630487312322,140.05834063300074,22.6159421639736,0.9531869193391055,normal
13.131932075483501,2.7410464943583523,18.046087768626812,44.5512856947498,0.5500927603521233,normal
8.92648062825566,3.9242105902262554,33.62261365607665,60.74840983569422,0.29143074356681964,normal
10.096883433214616,3.8944710257844286,66.68335097549654,1.0350442433472584,0.16726469197997063,normal
9.514576353062887,2.080731177533557,69.34897979041872,48.33084026341839,0.8202985696161019,normal
12.037640299415068,3.1624610222515033,129.68383926730945,69.67202492083202,0.10512926046551807,normal
12.440943371950162,2.291500328415828,28.639776291497494,35.40651907250436,0.9293585253375604,normal
9.789488570624464,1.2478248253843414,18.46103342422881,4.366256987472043,0.2565320269240373,normal
8.33553942223207,3.288567401240821,54.80166097321452,57.78191715943956,0.10851304465436962,normal
11.750632568668967,2.5924230950514997,17.013164242402574,5.542388868343782,0.6586657928664517,normal
13.351907733410874,3.7091083895250967,29.198364559099062,32.20487246944802,0.15304950067475698,normal
8.797509581455978,2.767219472373185,144.80919366137525,32.07558143613748,0.3296804687682654,normal
8.251293138920241,2.8169401635479816,54.723640881850926,6.278917789620051,0.8587351755572461,normal
13.541396765377204,3.7865890245888716,117.11634654103814,36.16663378590097,0.7028557439423712,normal
9.768512354593831,0.4314107316482768,34.4602874198727,4.334552775445499,0.09679797031261683,normal
12.48933822162451,0.8376815368134666,91.53478501389098,66.63344580704631,0.2145112653547292,normal
13.960294526315238,2.992699986646645,96.38640759059406,62.45228161819953,0.879063501588178,normal
13.06544046584466,2.555570490281531,90.60557030180291,24.641184518244152,0.2525184706958372,normal
8.362620468555681,2.445350710825732,84.12504296553179,21.682562550440082,0.37669062895272476,high
9.223246456155248,1.4468111852499883,34.35297160836771,55.48453847791467,0.9013493153850538,normal
12.179854941511133,3.271393517574778,14.437745352113174,19.507938711057665,0.3798015119043423,normal
13.045017995212875,2.157178432957646,72.96963010636179,15.498364390485579,0.9172391386069743,normal
6.582126233703978,3.743236836795261,44.4912121029097,10.500634906369367,0.8250018340526236,normal
8.629258746525137,0.6134292855504018,10.834665467520228,10.000361447463993,0.4507074728541529,normal
13.518664511863513,3.0892478258213814,17.796985964193468,26.700532048759275,0.35498639512676955,normal
6.669502210305151,3.3768457997783727,44.625464891768246,3.5542970863041576,0.7856360986283404,normal
13.641950209501289,3.6433292548543657,60.90595382378526,20.202080816830996,0.9072876261670233,normal
10.063827707946848,1.9853380170808794,19.013999489528313,0.35732313503673563,0.10741859074825,normal
7.777252936749839,0.4387937596252396,59.99463286097732,21.24617355784104,0.888132355068885,normal
10.246575622992932,3.901036555493438,126.99385877574645,18.589281199302587,0.7367254849407359,normal
10.870857022098932,3.419799992481143,39.181370492646884,10.3077018252924,0.718155755797054,normal
11.368555272651257,1.8889331912685599,75.31404164684491,29.3926245687961,0.7207389198236251,normal
13.70770734461307,0.17119198428482907,84.71547953123499,25.86570007540453,0.9445492894681579,normal
13.225499023786446,1.5664355853779706,14.594775756308639,66.60602281802417,0.5683514561403995,normal
7.7783578738899095,1.171402413589645,106.40322757102678,40.08418992960375,0.958406790021133,normal
8.174487270007223,0.18051840731673474,52.92128678437908,28.235290255068097,0.7007638240302222,normal
8.603190356105811,1.684090526864443,109.50164868479972,3.71978812507596,0.42319569927023704,normal
11.334680581813512,0.48090895157513636,80.08705999561671,43.70547873554181,0.8030727063005926,normal
12.773427628493508,1.2605183378038014,89.30373400305841,8.476504138406604,0.7691813854462624,normal
13.835854659372457,0.18757042192686585,108.02125923237189,37.1351368425921,0.05220830918141128,normal
6.986134323006406,2.74380753476055,138.46646476394636,12.15295534023825,0.8003844301451923,normal
6.804330477615612,2.875223873967536,19.209090817742197,41.191404065287976,0.4019481898250157,high
7.103326647104633,1.039677719853791,82.9527568359347,6.845084550396635,0.3339066948678242,high
12.98490726391765,3.845708407516165,24.018840976581615,4.459927671513494,0.2573786947544653,normal
10.43944251313539,2.844795764044482,106.785408083418,30.257564035910114,0.3091453592163973,normal
12.443832327293396,3.6590976261576107,103.27345067865343,47.347716115023424,0.7087262865737307,normal
13.6535438048613,0.6952463276144681,142.7799539145786,26.872302303343076,0.7162359413488314,normal
10.455759597578822,1.8103959270224452,16.3780086620006,39.02974899718588,0.9970281412288465,normal
9.558194780308291,3.817504610619756,105.79584915384467,12.748380047377207,0.9808212047221421,normal
8.240724075806881,3.977943478560089,43.06634991700256,55.04550297857501,0.009060810914943596,normal
12.146591803994657,2.735337651195622,123.22637505361702,21.519191352845862,0.8052713819765458,normal
6.966164040032993,2.065047108345223,80.97725438985594,13.135782291437327,0.24921981430253726,high
10.983872551228337,3.9706151457606493,47.98541487618872,34.50214036859706,0.40625921957341904,normal
11.000534741923657,0.6111182558603593,68.8180056308765,51.94472076172117,0.3683492383177154,normal
9.915032826750972,2.828387397762101,126.15412422461166,28.78265183399118,0.5016258306946939,normal
6.966374952648703,3.5782190968389993,132.4851506400338,59.559818925845484,0.8845195371351106,normal
10.296010739825938,3.3911869241557673,90.44245748199324,9.31783556247732,0.26640148349898485,normal
8.079497514904855,2.583169185602561,68.6438676923351,5.53537016685897,0.32801956274921407,high
7.883188179157593,0.1808899104484019,137.63580514916725,55.008641644323085,0.557483711140457,high
8.766058975006892,2.378352337544529,125.52887285426384,10.979572413682273,0.272379076208765,normal
6.6540713494923835,2.4272634906049233,71.51315126256098,68.79451726336706,0.6824559522104022,normal
10.596459759747749,3.856276691507131,94.94180487771948,42.8936145847392,0.4502567221922612,normal
8.954595335684468,1.6112644648455698,94.8778292556634,41.42753976097159,0.41395658649263467,normal
8.05528757400575,1.024108652956416,42.99977830355311,65.71023099492615,0.2761363818896838,normal
13.141920520121051,3.438870170900797,25.040477344771467,63.04749633397661,0.15351977854905174,normal
9.675466012178465,1.287594693400393,23.703957398818762,60.848209394294486,0.2305810550864864,normal
10.98832843591088,0.8248950089645017,90.5139356547235,6.012970945269929,0.06992681622846819,normal
10.302638390466768,0.4671156935112811,79.15784937559089,8.180480114675312,0.33598655371222885,normal
8.361117803991567,1.9865180319070426,62.513681604211264,7.819764788283084,0.7143424904173671,normal
9.249442472315945,2.948145370290689,50.95316105844155,23.244440246514216,0.16229787537907714,normal
11.039108402541386,2.383176654961502,33.347389630362784,47.03563291737151,0.9296280371747287,normal
6.792100195172848,1.8447064273313536,35.12827924619449,17.92493249455963,0.23790271327800228,high
12.439938714291582,3.5081515026631225,57.28508756781458,50.33460330382667,0.19330456027727472,normal
12.014874684484466,2.462903906346325,120.79083080587446,61.19691909633962,0.6692956531180211,normal
7.729314849556032,2.708054483576392,122.34439674364972,41.10495539075665,0.8551562400486367,normal
7.225640956544408,1.1052383172809237,94.34895548395275,31.577564590267208,0.2213246982365481,high
13.828347845236161,0.896847790311332,74.72104529980052,29.90322195085295,0.26249025700980455,normal
6.590642935884372,2.591857393409076,43.36762995912723,37.83730603939565,0.7245474708784999,normal
9.390414468613935,2.7890892270884455,55.621617464068166,56.120300295341146,0.7599612177313866,normal
10.636989769383797,0.44495742849692776,115.93963528624838,49.41780981385705,0.9399812300443615,normal
12.055405661082874,0.6284958911914025,145.9016803952106,59.04420479460852,0.25971866828474377,normal
10.916532898004206,2.508538856643772,119.7822734005826,6.549220872057902,0.799246341326836,normal
11.399902615185507,0.2078145474280479,46.21208763400009,45.44157040660311,0.6700301482109714,normal
11.95593319649267,2.88933292441031,97.83818453737692,24.545691065862965,0.010844147318333941,normal
12.377984201974957,1.0914079438651447,75.16771408125757,10.40253406913174,0.2930700784477408,normal
11.224468976604015,0.6969122676107516,114.65889726838418,44.79458766055943,0.16952739380221427,normal
13.96434728922604,1.357681453226742,141.39203548325142,36.18660570800009,0.9364759485598237,normal
11.107845340113045,1.2905078976101827,115.6507798140384,30.640867388139622,0.4253021682733933,normal
7.561076425321999,3.7610745999184707,28.353002480636253,55.174606590712116,0.30708562265027284,normal
9.951854960614291,2.395486705578455,60.57868146167877,1.8814461795095838,0.7625501664572034,normal
12.133615201654633,1.2533849225069162,149.65695231108663,11.602736360756706,0.6667154283188447,normal
13.82636965012507,2.858633264397733,34.30108748825725,61.416306042092494,0.5079051968156499,normal
7.689184383469833,2.495335829611009,23.709458375104035,14.320590331037572,0.43042035139885626,high
12.497937385370737,3.0416365606378104,92.31225942552003,38.408028567898114,0.3901486599368559,normal
11.318910480306695,2.7581747177022655,22.13124133749965,0.3738814938494006,0.5340880562497167,normal
11.499913331947855,2.053897585172385,104.51213571073379,45.00764891180323,0.4931521059240165,normal
10.29721073160643,1.7164617418475838,28.96312933699365,41.15805823817391,0.5164011542930087,normal
9.271250308362097,1.1530647826628537,92.5518613488832,23.230044609709033,0.34412122228549114,normal
9.771565152839361,2.800832411481251,18.640909475466785,7.262821165540473,0.36281009221537786,normal
9.332810514094703,0.4672902385090556,23.614057509225187,35.48781846851747,0.6612984700593781,normal
11.179544599854854,2.8736176139165255,20.264146849822556,1.3514172217839626,0.4157380916621899,normal
12.26175614256216,3.521874597890155,85.02249495892167,35.02138581482182,0.591319018511719,normal
6.881537899679378,1.2688280459997447,128.2853042996358,12.983229511961532,0.947276050146441,normal
7.37991602787882,0.8653102311738741,73.11448319866653,66.70351857707917,0.22057376881891255,normal
8.983884840065587,3.193444176176399,108.30908213489248,27.914081198268313,0.7042143260199506,normal
12.231071405472754,0.45426049375657074,23.368916976601156,40.099080230568184,0.2829851372988512,normal
12.775330501187767,0.36040012591139325,129.03428084184412,1.5915205091931295,0.26220546721615434,normal
11.741376774502413,0.17160153751013119,140.16898744965903,42.25967840976239,0.5405249969838596,normal
7.686251138235109,1.0830515306200774,43.90420157881094,33.50039475035663,0.5550107740328025,high
12.893221561377626,0.9757205413689733,133.21657537973675,5.81211660650511,0.38569559712862456,normal
13.94466293545235,3.3773527562920638,107.30166778359497,61.03302917440899,0.06280546138466947,normal
11.979719112910221,1.9947127202419277,107.74155809008242,44.32478601133744,0.6135131221414257,normal
6.850816490814568,0.8673265325436049,94.36766111069737,18.77675674241247,0.2817074936984496,high
12.861062713056862,3.6672619925146526,29.071813367285976,14.76515410810048,0.7193510760864382,normal
7.150536399750139,0.4313506418586752,32.20208512772467,0.3422716026311512,0.31247852112037644,high
11.179564091327446,3.1513760053962683,19.08108695753441,26.96323047087639,0.1268148957151719,normal
13.511569492078118,3.26419391604723,97.02708012785233,52.38455195621953,0.3887950102828638,normal
8.595266256547644,1.1522866127815707,58.73617094150981,6.4428670915546915,0.8704957440260754,normal
9.573538550462835,0.9397548947333224,65.47438935113428,16.555428549923924,0.9639538928386348,normal
11.729111013974507,0.8942761083633477,75.98198276880278,22.656677977349265,0.38209042050368636,normal
13.157963849007695,2.602999023059819,129.94213420301338,52.82529711082735,0.48781808512132474,normal
12.583287713376464,1.741647368370748,46.009244874964786,32.95828235256975,0.4251043821815661,normal
9.483339002342781,3.359780630627418,143.4659213957326,50.78494099073671,0.2724041884798357,normal
13.221249239125893,0.6252692100436108,20.048397314890778,7.665489064374827,0.7359504696268374,normal
6.962512419168394,1.3639276578985584,104.94949191403792,59.234167211880475,0.9752197230580296,normal
11.360634877714023,1.656113446713877,96.0706715958083,50.652921482278124,0.45898833787041937,normal
13.594484696944036,0.34231809493667503,13.56802460586621,58.91904077640174,0.48414136672199226,normal
9.381469262161712,1.6431746992042142,29.471960218216967,67.58114095832255,0.7251974017692455,normal
11.727733103127566,3.6408921884352403,68.76699144998653,18.20654650688381,0.010455255479587255,normal
10.419452858724597,0.4634356943078316,41.29100579295341,69.50085798074372,0.7394916932878545,normal
10.451709846533198,3.3100082394272623,100.00163182499892,48.55676055229868,0.7011966952797983,normal
10.581118171343086,1.5868884789826379,118.29245346736965,25.297271567295397,0.22713140083295236,normal
8.442929187924339,3.4907117817475157,18.349890549659122,66.63030262580797,0.6657959134813781,normal
7.662054681507487,3.9573748811983127,30.55217724988188,60.13665350953705,0.26097115577140395,normal
13.409273766039856,3.123300914905111,98.24159440959595,50.92937961702579,0.14670325631848513,normal
13.189580540101606,2.4796318366129357,22.746727464710425,14.045846594635092,0.4935847414483119,normal
13.37612099953483,0.9067673965421271,59.2425854644243,47.962533993582674,0.1265907079046813,normal
9.407287152220444,2.2826706412771407,137.49322648735145,41.1252926646236,0.4797342213411119,normal
8.554009181722861,3.0612680311017275,100.22312865181773,55.2530445306974,0.10180455001746158,normal
11.289914984768163,3.672350492535425,127.10029514291979,37.08281783594737,0.1663838408100795,normal
11.043176854962114,3.4926884683132795,56.678400258877666,0.5895003080705452,0.3793491630452628,normal
9.102649931123729,1.992986254802062,76.77043760994225,36.80978225053042,0.13200742815272548,normal
13.45266888201052,1.5290716726999345,74.80767611277612,9.612018415777667,0.8443262620671813,normal
12.492712488683711,2.860215445672,48.40733137818872,17.69701029066583,0.36273991023613583,normal
11.671819281265572,0.12782761826499697,87.43988300918652,49.392504034309944,0.8598243039212915,normal
9.05171211347273,0.9217068080646692,60.419454124599234,6.507917168703004,0.23590618119602713,normal
9.864643442659968,0.23919123094511652,144.14673925460437,54.91818685480791,0.33648782173897496,normal
12.346005398081047,3.3186795130433566,18.25917904747121,24.90551490153804,0.032706200728607415,normal
7.686918001920635,1.2988120720260905,119.07199271312784,12.498840794410862,0.939820871027769,normal
10.018795928671366,3.7895096104525385,103.48371429593577,61.3856389654178,0.24931205758045272,normal
7.854796705934835,2.7135724714717706,131.12026714089342,20.993189130705044,0.5729262999925033,high
10.278298542467388,2.201761854149282,138.8831645038682,34.02000975815014,0.8785130645783846,normal
13.306832682948716,0.5362366665779829,60.42898187106934,37.98664587968639,0.5838331818759197,normal
9.536019370119195,3.7984793213194696,13.83476590954423,5.901332241363123,0.9476213381037033,normal
11.780457928035464,1.413883752275506,78.11342625253336,20.02845057057917,0.2263478284301026,normal
9.999069953098306,0.2229950528606218,41.23663174606765,3.9662197031186075,0.6172325727924954,normal
11.424717247262146,2.9690519057763813,99.12249955175406,49.667337498519124,0.676339236344953,normal
9.845388924663574,2.191151814435422,94.61440419759434,69.63022051023862,0.208040015509528,normal
11.882758834547015,0.8072155916464693,44.94576123773954,43.522566721920114,0.8198702840645424,normal
12.223585891862168,0.6494504819931807,146.83033949361754,15.51076947080484,0.9925164514674515,normal
10.005274109596304,1.9251149845794753,91.24578594016576,20.725315817603878,0.9135745645708507,normal
9.594470669207144,1.427858335352895,40.41465272882876,56.810498216901564,0.3187996520230377,normal
8.128140178847126,3.1907625999386067,121.87257937231048,2.8346192968860215,0.6710905985214101,normal
11.913084878687364,1.496865094054178,38.72962991558461,63.83124269699435,0.2335774509592753,normal
7.757499813929238,2.5656378712710386,58.945980524500754,28.46930520488055,0.9786877836287787,normal
